-- phpMyAdmin SQL Dump
-- version 5.2.2
-- https://www.phpmyadmin.net/
--
-- Host: localhost:3306
-- Generation Time: Mar 16, 2026 at 02:02 PM
-- Server version: 10.6.23-MariaDB-cll-lve
-- PHP Version: 8.3.26

SET SQL_MODE = "NO_AUTO_VALUE_ON_ZERO";
START TRANSACTION;
SET time_zone = "+00:00";


/*!40101 SET @OLD_CHARACTER_SET_CLIENT=@@CHARACTER_SET_CLIENT */;
/*!40101 SET @OLD_CHARACTER_SET_RESULTS=@@CHARACTER_SET_RESULTS */;
/*!40101 SET @OLD_COLLATION_CONNECTION=@@COLLATION_CONNECTION */;
/*!40101 SET NAMES utf8mb4 */;

--
-- Database: `wav14298_thangmaytesla`
--

-- --------------------------------------------------------

--
-- Table structure for table `customer`
--

CREATE TABLE `customer` (
  `id` int(11) NOT NULL,
  `status` datetime DEFAULT NULL,
  `full_name` varchar(255) NOT NULL,
  `number_phone` varchar(15) NOT NULL,
  `email` varchar(255) DEFAULT NULL,
  `address` text DEFAULT NULL,
  `description` varchar(225) DEFAULT NULL,
  `createdAt` datetime(6) NOT NULL DEFAULT current_timestamp(6),
  `updatedAt` datetime(6) NOT NULL DEFAULT current_timestamp(6) ON UPDATE current_timestamp(6),
  `deletedAt` datetime(6) DEFAULT NULL,
  `staffId` int(11) DEFAULT NULL
) ENGINE=InnoDB DEFAULT CHARSET=utf8mb4 COLLATE=utf8mb4_unicode_ci;

-- --------------------------------------------------------

--
-- Table structure for table `department`
--

CREATE TABLE `department` (
  `id` int(11) NOT NULL,
  `name` varchar(255) NOT NULL,
  `description` text DEFAULT NULL,
  `createdAt` datetime(6) NOT NULL DEFAULT current_timestamp(6),
  `updatedAt` datetime(6) NOT NULL DEFAULT current_timestamp(6) ON UPDATE current_timestamp(6),
  `deletedAt` datetime(6) DEFAULT NULL
) ENGINE=InnoDB DEFAULT CHARSET=utf8mb4 COLLATE=utf8mb4_unicode_ci;

--
-- Dumping data for table `department`
--

INSERT INTO `department` (`id`, `name`, `description`, `createdAt`, `updatedAt`, `deletedAt`) VALUES
(1, 'Phòng Kinh Doanh', 'Bộ phận kinh doanh và chăm sóc khách hàng', '2025-11-25 13:55:12.426733', '2025-11-25 13:55:12.426733', NULL),
(4, 'Phòng quản Trị', 'Phòng quản Trị', '2025-12-12 10:48:31.540245', '2025-12-12 10:48:31.540245', NULL),
(5, 'Phòng kỹ thuật', 'Phòng kỹ thuật', '2025-12-12 10:48:46.838823', '2025-12-12 10:48:46.838823', NULL),
(6, 'Phòng hành chính kế toán', 'Phòng hành chính kế toán', '2025-12-12 10:48:58.809856', '2025-12-12 10:48:58.809856', NULL);

-- --------------------------------------------------------

--
-- Table structure for table `departments_step`
--

CREATE TABLE `departments_step` (
  `id` int(11) NOT NULL,
  `departmentId` int(11) DEFAULT NULL,
  `stepId` int(11) DEFAULT NULL
) ENGINE=InnoDB DEFAULT CHARSET=utf8mb4 COLLATE=utf8mb4_unicode_ci;

-- --------------------------------------------------------

--
-- Table structure for table `history_maintenance`
--

CREATE TABLE `history_maintenance` (
  `id` int(11) NOT NULL,
  `timeStart` date NOT NULL,
  `timeEnd` date NOT NULL,
  `countMaintenance` int(11) NOT NULL,
  `free` tinyint(4) NOT NULL,
  `price` int(11) NOT NULL,
  `projectId` int(11) DEFAULT NULL
) ENGINE=InnoDB DEFAULT CHARSET=utf8mb4 COLLATE=utf8mb4_unicode_ci;

--
-- Dumping data for table `history_maintenance`
--

INSERT INTO `history_maintenance` (`id`, `timeStart`, `timeEnd`, `countMaintenance`, `free`, `price`, `projectId`) VALUES
(1, '2026-01-01', '2026-10-31', 4, 0, 0, 4),
(2, '2026-01-01', '2026-12-31', 4, 0, 0, 4),
(3, '2025-01-01', '2026-12-31', 4, 0, 4000000, 3),
(4, '2026-01-01', '2026-12-31', 4, 0, 4000000, 3),
(5, '2026-01-01', '2026-12-31', 4, 0, 0, 4),
(6, '2026-01-01', '2026-12-31', 4, 0, 0, 4),
(7, '2025-01-01', '2026-12-31', 6, 0, 3500000, 5),
(8, '2026-01-01', '2026-12-31', 6, 0, 9600000, 6),
(9, '2026-01-01', '2026-12-31', 6, 0, 4800000, 7),
(10, '2026-02-01', '2027-01-31', 4, 0, 0, 8),
(11, '2026-01-01', '2026-12-31', 6, 0, 4800000, 9),
(12, '2026-01-01', '2026-12-01', 4, 0, 0, 10),
(13, '2026-01-01', '2026-12-31', 12, 0, 5000000, 11),
(14, '2026-01-01', '2026-12-31', 4, 0, 4000000, 12),
(15, '2026-03-02', '2026-02-28', 4, 0, 4000000, 14),
(16, '2026-03-02', '2027-02-02', 4, 0, 0, 14),
(17, '2026-02-01', '2027-01-31', 4, 0, 4000000, 15),
(18, '2026-01-01', '2026-12-31', 12, 0, 8000000, 16),
(19, '2026-01-01', '2026-12-31', 12, 0, 4000000, 17),
(20, '2026-01-01', '2026-12-31', 4, 0, 4000000, 18),
(21, '2026-01-01', '2026-12-31', 12, 0, 6480000, 19),
(22, '2026-01-01', '2026-12-31', 12, 0, 4800000, 20),
(23, '2026-01-01', '2026-12-01', 4, 0, 0, 21),
(24, '2026-01-01', '2026-01-12', 6, 0, 42000000, 22),
(25, '2026-01-01', '2026-12-01', 6, 0, 4200000, 22),
(26, '2026-01-01', '2026-12-01', 12, 0, 6480000, 23),
(27, '2026-01-01', '2026-12-31', 12, 0, 6480000, 23),
(28, '2026-01-01', '2026-12-31', 12, 0, 6480000, 23),
(29, '2026-01-01', '2026-12-31', 12, 0, 82944000, 24),
(30, '2026-01-01', '2026-12-31', 6, 0, 3000000, 26),
(31, '2026-01-01', '2026-12-31', 4, 0, 4000000, 27),
(32, '2026-01-01', '2026-12-31', 12, 0, 6000000, 28),
(33, '2026-01-01', '2026-12-31', 12, 0, 0, 29),
(34, '2026-02-01', '2027-01-31', 6, 0, 4000000, 30),
(35, '2026-01-01', '2026-12-31', 4, 0, 4000000, 31),
(36, '2026-01-01', '2026-12-31', 4, 0, 4000000, 32),
(37, '2026-01-01', '2026-12-31', 4, 0, 4000000, 33),
(38, '2026-02-01', '2027-01-31', 4, 0, 0, 33),
(39, '2026-02-01', '2027-01-31', 3, 0, 3000000, 34),
(40, '2026-02-01', '2027-01-31', 2, 0, 2000000, 35),
(41, '2026-05-01', '2027-04-01', 4, 0, 4000000, 36),
(42, '2026-05-01', '2027-04-30', 4, 0, 4000000, 36),
(43, '2026-03-03', '2027-02-28', 4, 0, 3600000, 37),
(44, '2026-03-01', '2027-02-28', 6, 0, 4000000, 38),
(45, '2026-03-01', '2027-02-28', 6, 0, 48000000, 39),
(46, '2026-03-01', '2027-02-28', 6, 0, 48000000, 40),
(47, '2026-02-01', '2027-01-31', 4, 0, 4000000, 41),
(48, '2025-05-10', '2026-05-30', 6, 0, 0, 42),
(49, '2025-08-01', '2026-07-31', 6, 0, 0, 44),
(50, '2025-08-01', '2026-07-31', 12, 0, 0, 45),
(51, '2025-01-01', '2026-03-31', 12, 0, 0, 46),
(52, '0025-01-01', '2026-03-31', 0, 0, 6000000, 47),
(53, '2025-01-01', '2026-03-31', 0, 0, 0, 47),
(54, '2025-08-01', '2026-07-31', 4, 0, 3000000, 48),
(55, '2025-04-01', '2026-03-31', 4, 0, 0, 49),
(56, '2025-02-01', '2026-03-31', 12, 0, 0, 50),
(57, '2025-04-01', '2026-03-31', 4, 0, 0, 51),
(58, '2025-05-01', '2026-04-30', 6, 0, 4800000, 52),
(59, '2025-04-01', '2026-03-31', 1, 0, 0, 53),
(60, '2025-04-01', '2026-04-30', 5, 0, 0, 54),
(61, '2025-04-01', '2026-03-31', 1, 0, 0, 55),
(62, '2025-05-01', '2026-04-30', 4, 0, 0, 56),
(63, '2025-04-01', '2026-10-31', 8, 0, 0, 57),
(64, '2025-05-01', '2026-04-30', 2, 0, 0, 58),
(65, '2025-05-01', '2026-04-30', 6, 0, 0, 59),
(66, '2025-06-01', '2026-05-31', 4, 0, 0, 60),
(67, '2025-06-01', '2026-05-31', 4, 0, 0, 61),
(68, '2025-05-01', '2026-04-30', 6, 0, 0, 62),
(69, '2025-06-01', '2026-05-31', 3, 0, 0, 63),
(70, '2025-06-01', '2026-05-31', 3, 0, 0, 64),
(71, '2025-06-01', '2026-05-30', 2, 0, 0, 65),
(72, '2025-08-01', '2026-07-30', 4, 0, 0, 66),
(73, '2025-07-01', '2026-06-30', 4, 0, 0, 67),
(74, '2025-07-01', '2026-06-30', 4, 0, 0, 68),
(75, '2025-07-01', '2026-06-30', 2, 0, 0, 69),
(76, '2025-07-01', '2026-06-30', 4, 0, 0, 70),
(77, '2025-07-01', '2026-06-30', 4, 0, 0, 71),
(78, '2025-07-01', '2026-06-30', 4, 0, 0, 72),
(79, '2025-05-01', '2026-04-30', 1, 0, 0, 73),
(80, '2025-08-01', '2026-07-31', 2, 0, 0, 74),
(81, '2025-08-01', '2026-07-30', 2, 0, 0, 75),
(82, '2025-08-01', '2026-07-30', 2, 0, 0, 75),
(83, '2025-07-01', '2026-06-30', 1, 0, 0, 76),
(84, '2025-08-01', '2026-07-30', 5, 0, 0, 77),
(85, '2025-07-01', '2026-06-30', 4, 0, 0, 78),
(86, '2025-07-01', '2026-06-30', 2, 0, 0, 79),
(87, '2025-08-01', '2026-07-30', 2, 0, 0, 80),
(88, '2025-08-01', '2026-07-31', 2, 0, 0, 81),
(89, '2025-08-01', '2026-07-31', 2, 0, 0, 81),
(90, '2025-07-01', '2026-06-30', 1, 0, 0, 82),
(91, '2025-07-01', '2026-06-30', 1, 0, 0, 83),
(92, '2025-08-01', '2026-07-31', 2, 0, 0, 84),
(93, '2025-09-01', '2026-08-30', 3, 0, 0, 85),
(94, '2025-09-01', '2026-08-30', 2, 0, 0, 86),
(95, '2025-08-01', '2026-07-30', 1, 0, 0, 87),
(96, '2026-04-01', '2027-03-31', 4, 0, 0, 88);

-- --------------------------------------------------------

--
-- Table structure for table `maintenance`
--

CREATE TABLE `maintenance` (
  `id` int(11) NOT NULL,
  `time` date NOT NULL,
  `reason` varchar(255) NOT NULL,
  `fee` tinyint(4) NOT NULL DEFAULT 1,
  `projectName` varchar(255) DEFAULT NULL,
  `createdAt` datetime(6) NOT NULL DEFAULT current_timestamp(6),
  `updatedAt` datetime(6) NOT NULL DEFAULT current_timestamp(6) ON UPDATE current_timestamp(6),
  `deletedAt` datetime(6) DEFAULT NULL,
  `projectId` int(11) DEFAULT NULL,
  `historyMaintenanceId` int(11) DEFAULT NULL
) ENGINE=InnoDB DEFAULT CHARSET=utf8mb4 COLLATE=utf8mb4_unicode_ci;

--
-- Dumping data for table `maintenance`
--

INSERT INTO `maintenance` (`id`, `time`, `reason`, `fee`, `projectName`, `createdAt`, `updatedAt`, `deletedAt`, `projectId`, `historyMaintenanceId`) VALUES
(1, '2026-02-28', 'Bảo trì định kì', 1, NULL, '2026-02-28 09:36:40.993350', '2026-02-28 09:36:40.993350', NULL, 3, 3),
(2, '2026-05-28', 'Bảo trì định kì', 1, NULL, '2026-02-28 09:36:41.007117', '2026-02-28 09:36:41.007117', NULL, 3, 3),
(3, '2026-08-28', 'Bảo trì định kì', 1, NULL, '2026-02-28 09:36:41.018405', '2026-02-28 09:36:41.018405', NULL, 3, 3),
(4, '2026-11-28', 'Bảo trì định kì', 1, NULL, '2026-02-28 09:36:41.031210', '2026-02-28 09:36:41.031210', NULL, 3, 3),
(5, '2026-01-09', 'Bảo trì định kì', 1, NULL, '2026-02-28 10:05:33.886315', '2026-02-28 10:05:33.886315', NULL, 4, 2),
(6, '2026-04-09', 'Bảo trì định kì', 1, NULL, '2026-02-28 10:05:33.895133', '2026-02-28 10:05:33.895133', NULL, 4, 1),
(7, '2026-07-09', 'Bảo trì định kì', 1, NULL, '2026-02-28 10:05:33.903064', '2026-02-28 10:05:33.903064', NULL, 4, 1),
(8, '2026-10-09', 'Bảo trì định kì', 1, NULL, '2026-02-28 10:05:33.910888', '2026-02-28 10:05:33.910888', NULL, 4, 1),
(9, '2026-01-14', 'Bảo trì định kì', 1, NULL, '2026-02-28 10:45:22.361092', '2026-02-28 10:45:22.361092', NULL, 5, 7),
(10, '2026-03-14', 'Bảo trì định kì', 1, NULL, '2026-02-28 10:45:22.375283', '2026-02-28 10:45:22.375283', NULL, 5, 7),
(11, '2026-05-14', 'Bảo trì định kì', 1, NULL, '2026-02-28 10:45:22.386594', '2026-02-28 10:45:22.386594', NULL, 5, 7),
(12, '2026-07-14', 'Bảo trì định kì', 1, NULL, '2026-02-28 10:45:22.397333', '2026-02-28 10:45:22.397333', NULL, 5, 7),
(13, '2026-09-14', 'Bảo trì định kì', 1, NULL, '2026-02-28 10:45:22.406971', '2026-02-28 10:45:22.406971', NULL, 5, 7),
(14, '2026-11-14', 'Bảo trì định kì', 1, NULL, '2026-02-28 10:45:22.442781', '2026-02-28 10:45:22.442781', NULL, 5, 7),
(15, '2026-01-18', 'bảo trì 3 thang', 1, NULL, '2026-02-28 10:56:54.327533', '2026-02-28 10:56:54.327533', NULL, 6, 8),
(16, '2026-03-18', 'bảo trì 3 thang', 1, NULL, '2026-02-28 10:56:54.337787', '2026-02-28 10:56:54.337787', NULL, 6, 8),
(17, '2026-05-18', 'bảo trì 3 thang', 1, NULL, '2026-02-28 10:56:54.345173', '2026-02-28 10:56:54.345173', NULL, 6, 8),
(18, '2026-07-18', 'bảo trì 3 thang', 1, NULL, '2026-02-28 10:56:54.353726', '2026-02-28 10:56:54.353726', NULL, 6, 8),
(19, '2026-09-18', 'bảo trì 3 thang', 1, NULL, '2026-02-28 10:56:54.366623', '2026-02-28 10:56:54.366623', NULL, 6, 8),
(20, '2026-11-18', 'bảo trì 3 thang', 1, NULL, '2026-02-28 10:56:54.374320', '2026-02-28 10:56:54.374320', NULL, 6, 8),
(21, '2026-01-22', 'Bảo trì định kì', 1, NULL, '2026-02-28 11:27:36.861602', '2026-02-28 11:27:36.861602', NULL, 7, 9),
(22, '2026-03-22', 'Bảo trì định kì', 1, NULL, '2026-02-28 11:27:36.876438', '2026-02-28 11:27:36.876438', NULL, 7, 9),
(23, '2026-05-22', 'Bảo trì định kì', 1, NULL, '2026-02-28 11:27:36.883877', '2026-02-28 11:27:36.883877', NULL, 7, 9),
(24, '2026-07-22', 'Bảo trì định kì', 1, NULL, '2026-02-28 11:27:36.891583', '2026-02-28 11:27:36.891583', NULL, 7, 9),
(25, '2026-09-22', 'Bảo trì định kì', 1, NULL, '2026-02-28 11:27:36.899780', '2026-02-28 11:27:36.899780', NULL, 7, 9),
(26, '2026-11-22', 'Bảo trì định kì', 1, NULL, '2026-02-28 11:27:36.909901', '2026-02-28 11:27:36.909901', NULL, 7, 9),
(27, '2026-03-10', 'Bảo trì định kì', 1, NULL, '2026-02-28 13:58:36.894561', '2026-02-28 13:58:36.894561', NULL, 8, 10),
(28, '2026-06-10', 'Bảo trì định kì', 1, NULL, '2026-02-28 13:58:36.903490', '2026-02-28 13:58:36.903490', NULL, 8, 10),
(29, '2026-09-10', 'Bảo trì định kì', 1, NULL, '2026-02-28 13:58:36.909980', '2026-02-28 13:58:36.909980', NULL, 8, 10),
(30, '2026-12-10', 'Bảo trì định kì', 1, NULL, '2026-02-28 13:58:36.917858', '2026-02-28 13:58:36.917858', NULL, 8, 10),
(31, '2026-01-22', 'Bảo trì định kì', 1, NULL, '2026-02-28 14:14:05.407566', '2026-02-28 14:14:05.407566', NULL, 9, 11),
(32, '2026-03-01', 'Bảo trì định kì', 1, NULL, '2026-02-28 14:14:05.420557', '2026-02-28 14:14:05.420557', NULL, 9, 11),
(33, '2026-05-01', 'Bảo trì định kì', 1, NULL, '2026-02-28 14:14:05.429736', '2026-02-28 14:14:05.429736', NULL, 9, 11),
(34, '2026-07-01', 'Bảo trì định kì', 1, NULL, '2026-02-28 14:14:05.438317', '2026-02-28 14:14:05.438317', NULL, 9, 11),
(35, '2026-09-01', 'Bảo trì định kì', 1, NULL, '2026-02-28 14:14:05.446968', '2026-02-28 14:14:05.446968', NULL, 9, 11),
(36, '2026-11-01', 'Bảo trì định kì', 1, NULL, '2026-02-28 14:14:05.456154', '2026-02-28 14:14:05.456154', NULL, 9, 11),
(37, '2026-01-30', 'Bảo trì định kì', 1, NULL, '2026-02-28 14:22:43.998139', '2026-02-28 14:22:43.998139', NULL, 10, 12),
(38, '2026-04-01', 'Bảo trì định kì', 1, NULL, '2026-02-28 14:22:44.009390', '2026-02-28 14:22:44.009390', NULL, 10, 12),
(39, '2026-07-01', 'Bảo trì định kì', 1, NULL, '2026-02-28 14:22:44.020641', '2026-02-28 14:22:44.020641', NULL, 10, 12),
(40, '2026-10-01', 'Bảo trì định kì', 1, NULL, '2026-02-28 14:22:44.030806', '2026-02-28 14:22:44.030806', NULL, 10, 12),
(41, '2026-01-05', 'Bảo trì định kì', 1, NULL, '2026-02-28 15:16:02.541950', '2026-02-28 15:16:02.541950', NULL, 12, 14),
(42, '2026-04-05', 'Bảo trì định kì', 1, NULL, '2026-02-28 15:16:02.556747', '2026-02-28 15:16:02.556747', NULL, 12, 14),
(43, '2026-07-05', 'Bảo trì định kì', 1, NULL, '2026-02-28 15:16:02.568098', '2026-02-28 15:16:02.568098', NULL, 12, 14),
(44, '2026-10-05', 'Bảo trì định kì', 1, NULL, '2026-02-28 15:16:02.579021', '2026-02-28 15:16:02.579021', NULL, 12, 14),
(45, '2026-03-03', 'Bảo trì định kì', 1, NULL, '2026-03-02 10:47:31.478522', '2026-03-02 10:47:31.478522', NULL, 14, 16),
(46, '2026-06-03', 'Bảo trì định kì', 1, NULL, '2026-03-02 10:47:31.497773', '2026-03-02 10:47:31.497773', NULL, 14, 16),
(47, '2026-09-03', 'Bảo trì định kì', 1, NULL, '2026-03-02 10:47:31.512719', '2026-03-02 10:47:31.512719', NULL, 14, 16),
(48, '2026-12-03', 'Bảo trì định kì', 1, NULL, '2026-03-02 10:47:31.530602', '2026-03-02 10:47:31.530602', NULL, 14, 16),
(49, '2026-02-09', 'Bảo trì định kì', 1, NULL, '2026-03-03 15:56:46.585158', '2026-03-03 15:56:46.585158', NULL, 15, 17),
(50, '2026-05-09', 'Bảo trì định kì', 1, NULL, '2026-03-03 15:56:46.616041', '2026-03-03 15:56:46.616041', NULL, 15, 17),
(51, '2026-08-09', 'Bảo trì định kì', 1, NULL, '2026-03-03 15:56:46.627743', '2026-03-03 15:56:46.627743', NULL, 15, 17),
(52, '2026-11-09', 'Bảo trì định kì', 1, NULL, '2026-03-03 15:57:14.532709', '2026-03-03 15:57:14.532709', NULL, 15, 17),
(53, '2026-01-10', 'Bảo trì định kì 01th/ lần', 1, NULL, '2026-03-05 16:03:21.771474', '2026-03-05 16:03:21.771474', NULL, 16, 18),
(54, '2026-02-10', 'Bảo trì định kì', 1, NULL, '2026-03-05 16:03:21.787009', '2026-03-05 16:03:21.787009', NULL, 16, 18),
(55, '2026-03-10', 'Bảo trì định kì', 1, NULL, '2026-03-05 16:03:21.797134', '2026-03-05 16:03:21.797134', NULL, 16, 18),
(56, '2026-04-10', 'Bảo trì định kì', 1, NULL, '2026-03-05 16:03:21.808265', '2026-03-05 16:03:21.808265', NULL, 16, 18),
(57, '2026-05-10', 'Bảo trì định kì', 1, NULL, '2026-03-05 16:03:21.821109', '2026-03-05 16:03:21.821109', NULL, 16, 18),
(58, '2026-06-10', 'Bảo trì định kì', 1, NULL, '2026-03-05 16:03:21.831566', '2026-03-05 16:03:21.831566', NULL, 16, 18),
(59, '2026-07-10', 'Bảo trì định kì', 1, NULL, '2026-03-05 16:03:21.842315', '2026-03-05 16:03:21.842315', NULL, 16, 18),
(60, '2026-08-10', 'Bảo trì định kì', 1, NULL, '2026-03-05 16:03:21.852119', '2026-03-05 16:03:21.852119', NULL, 16, 18),
(61, '2026-09-10', 'Bảo trì định kì', 1, NULL, '2026-03-05 16:03:21.862066', '2026-03-05 16:03:21.862066', NULL, 16, 18),
(62, '2026-10-10', 'Bảo trì định kì', 1, NULL, '2026-03-05 16:03:21.871478', '2026-03-05 16:03:21.871478', NULL, 16, 18),
(63, '2026-11-10', 'Bảo trì định kì', 1, NULL, '2026-03-05 16:03:21.882529', '2026-03-05 16:03:21.882529', NULL, 16, 18),
(64, '2026-12-10', 'Bảo trì định kì', 1, NULL, '2026-03-05 16:03:21.893007', '2026-03-05 16:03:21.893007', NULL, 16, 18),
(65, '2026-01-10', 'Bảo trì  01th/ lần', 1, NULL, '2026-03-05 16:24:14.552655', '2026-03-05 16:24:14.552655', NULL, 17, 19),
(66, '2026-02-10', 'Bảo trì định kì 01th/ lần', 1, NULL, '2026-03-05 16:24:14.563696', '2026-03-05 16:24:14.563696', NULL, 17, 19),
(67, '2026-03-10', 'Bảo trì định kì 01th/ lần', 1, NULL, '2026-03-05 16:24:14.572504', '2026-03-05 16:24:14.572504', NULL, 17, 19),
(68, '2026-04-10', 'Bảo trì định kì 01th/ lần', 1, NULL, '2026-03-05 16:24:14.587992', '2026-03-05 16:24:14.587992', NULL, 17, 19),
(69, '2026-05-10', 'Bảo trì định kì 01th/ lần', 1, NULL, '2026-03-05 16:24:14.597224', '2026-03-05 16:24:14.597224', NULL, 17, 19),
(70, '2026-06-10', 'Bảo trì định kì 01th/ lần', 1, NULL, '2026-03-05 16:24:14.606019', '2026-03-05 16:24:14.606019', NULL, 17, 19),
(71, '2026-07-10', 'Bảo trì định kì 01th/ lần', 1, NULL, '2026-03-05 16:24:14.613255', '2026-03-05 16:24:14.613255', NULL, 17, 19),
(72, '2026-08-10', 'Bảo trì định kì 01th/ lần', 1, NULL, '2026-03-05 16:24:14.621612', '2026-03-05 16:24:14.621612', NULL, 17, 19),
(73, '2026-09-10', 'Bảo trì định kì 01th/ lần', 1, NULL, '2026-03-05 16:24:14.629766', '2026-03-05 16:24:14.629766', NULL, 17, 19),
(74, '2026-11-10', 'Bảo trì định kì 01th/ lần', 1, NULL, '2026-03-05 16:24:14.638628', '2026-03-05 16:24:14.638628', NULL, 17, 19),
(75, '2026-12-10', 'Bảo trì định kì 01th/ lần', 1, NULL, '2026-03-05 16:24:14.647165', '2026-03-05 16:24:14.647165', NULL, 17, 19),
(76, '2026-01-09', 'Bảo trì định kì 03 tháng/lần ', 1, NULL, '2026-03-05 16:37:34.036276', '2026-03-05 16:37:34.036276', NULL, 18, 20),
(77, '2026-04-09', 'Bảo trì định kì 03 tháng/lần ', 1, NULL, '2026-03-05 16:37:34.054352', '2026-03-05 16:37:34.054352', NULL, 18, 20),
(78, '2026-07-09', 'Bảo trì định kì 03 tháng/lần ', 1, NULL, '2026-03-05 16:37:34.071547', '2026-03-05 16:37:34.071547', NULL, 18, 20),
(79, '2026-10-09', 'Bảo trì định kì 03 tháng/lần ', 1, NULL, '2026-03-05 16:37:34.083308', '2026-03-05 16:37:34.083308', NULL, 18, 20),
(80, '2026-01-27', 'Bảo trì định kì 01th/ lần', 1, NULL, '2026-03-05 16:54:36.389151', '2026-03-05 16:54:36.389151', NULL, 19, 21),
(81, '2026-02-10', 'Bảo trì định kì 01th/ lần', 1, NULL, '2026-03-05 16:54:36.411386', '2026-03-05 16:54:36.411386', NULL, 19, 21),
(82, '2026-03-10', 'Bảo trì định kì 01th/ lần', 1, NULL, '2026-03-05 16:54:36.423925', '2026-03-05 16:54:36.423925', NULL, 19, 21),
(83, '2026-04-10', 'Bảo trì định kì 01th/ lần', 1, NULL, '2026-03-05 16:54:36.434589', '2026-03-05 16:54:36.434589', NULL, 19, 21),
(84, '2026-05-10', 'Bảo trì định kì 01th/ lần', 1, NULL, '2026-03-05 16:54:36.446907', '2026-03-05 16:54:36.446907', NULL, 19, 21),
(85, '2026-06-10', 'Bảo trì định kì 01th/ lần', 1, NULL, '2026-03-05 16:54:36.460937', '2026-03-05 16:54:36.460937', NULL, 19, 21),
(86, '2026-07-10', 'Bảo trì định kì 01th/ lần', 1, NULL, '2026-03-05 16:54:36.474584', '2026-03-05 16:54:36.474584', NULL, 19, 21),
(87, '2026-08-10', 'Bảo trì định kì 01th/ lần', 1, NULL, '2026-03-05 16:54:36.490461', '2026-03-05 16:54:36.490461', NULL, 19, 21),
(88, '2026-09-10', 'Bảo trì định kì 01th/ lần', 1, NULL, '2026-03-05 16:54:36.516146', '2026-03-05 16:54:36.516146', NULL, 19, 21),
(89, '2026-11-10', 'Bảo trì định kì 01th/ lần', 1, NULL, '2026-03-05 16:54:36.528732', '2026-03-05 16:54:36.528732', NULL, 19, 21),
(90, '2026-12-10', 'Bảo trì định kì 01th/ lần', 1, NULL, '2026-03-05 16:54:36.545372', '2026-03-05 16:54:36.545372', NULL, 19, 21),
(91, '2026-01-12', 'Bảo trì định kì 01th/ lần', 1, NULL, '2026-03-06 15:10:00.775876', '2026-03-06 15:10:00.775876', NULL, 20, 22),
(92, '2026-02-25', 'Bảo trì định kì 01th/ lần', 1, NULL, '2026-03-06 15:10:00.786574', '2026-03-06 15:10:00.786574', NULL, 20, 22),
(93, '2026-03-12', 'Bảo trì định kì 01th/ lần', 1, NULL, '2026-03-06 15:10:00.797021', '2026-03-06 15:10:00.797021', NULL, 20, 22),
(94, '2026-04-12', 'Bảo trì định kì 01th/ lần', 1, NULL, '2026-03-06 15:10:00.810627', '2026-03-06 15:10:00.810627', NULL, 20, 22),
(95, '2026-05-12', 'Bảo trì định kì 01th/ lần', 1, NULL, '2026-03-06 15:10:00.819706', '2026-03-06 15:10:00.819706', NULL, 20, 22),
(96, '2026-06-12', 'Bảo trì định kì 01th/ lần', 1, NULL, '2026-03-06 15:10:00.830377', '2026-03-06 15:10:00.830377', NULL, 20, 22),
(97, '2026-07-12', 'Bảo trì định kì 01th/ lần', 1, NULL, '2026-03-06 15:10:00.841810', '2026-03-06 15:10:00.841810', NULL, 20, 22),
(98, '2026-08-12', 'Bảo trì định kì 01th/ lần', 1, NULL, '2026-03-06 15:10:00.852746', '2026-03-06 15:10:00.852746', NULL, 20, 22),
(99, '2026-09-12', 'Bảo trì định kì 01th/ lần', 1, NULL, '2026-03-06 15:10:00.863271', '2026-03-06 15:10:00.863271', NULL, 20, 22),
(100, '2026-10-12', 'Bảo trì định kì 01th/ lần', 1, NULL, '2026-03-06 15:10:00.880680', '2026-03-06 15:10:00.880680', NULL, 20, 22),
(101, '2026-11-12', 'Bảo trì định kì 01th/ lần', 1, NULL, '2026-03-06 15:10:00.891526', '2026-03-06 15:10:00.891526', NULL, 20, 22),
(102, '2026-12-12', 'Bảo trì định kì 01th/ lần', 1, NULL, '2026-03-06 15:10:12.286779', '2026-03-06 15:10:12.286779', NULL, 20, 22),
(103, '2026-01-20', 'Bảo trì định kì 03 tháng/lần ', 1, NULL, '2026-03-06 15:49:36.000630', '2026-03-06 15:49:36.000630', NULL, 21, 23),
(104, '2026-04-01', 'Bảo trì định kì 03 tháng/lần ', 1, NULL, '2026-03-06 15:49:36.014266', '2026-03-06 15:49:36.014266', NULL, 21, 23),
(105, '2026-07-01', 'Bảo trì định kì 03 tháng/lần ', 1, NULL, '2026-03-06 15:49:36.025668', '2026-03-06 15:49:36.025668', NULL, 21, 23),
(106, '2026-10-01', 'Bảo trì định kì 03 tháng/lần ', 1, NULL, '2026-03-06 15:49:36.040133', '2026-03-06 15:49:36.040133', NULL, 21, 23),
(107, '2026-02-08', 'Bảo trì định kì 02 tháng/ lần', 1, NULL, '2026-03-06 16:01:11.691143', '2026-03-06 16:01:11.691143', NULL, 22, 25),
(108, '2026-04-08', 'Bảo trì định kì 02 tháng/ lần', 1, NULL, '2026-03-06 16:01:11.701086', '2026-03-06 16:01:11.701086', NULL, 22, 25),
(109, '2026-06-08', 'Bảo trì định kì 02 tháng/ lần', 1, NULL, '2026-03-06 16:01:11.710462', '2026-03-06 16:01:11.710462', NULL, 22, 25),
(110, '2026-08-08', 'Bảo trì định kì 02 tháng/ lần', 1, NULL, '2026-03-06 16:01:11.718568', '2026-03-06 16:01:11.718568', NULL, 22, 25),
(111, '2026-10-08', 'Bảo trì định kì 02 tháng/ lần', 1, NULL, '2026-03-06 16:01:11.727614', '2026-03-06 16:01:11.727614', NULL, 22, 25),
(112, '2026-01-08', 'Bảo trì định kì 01th/ lần', 1, NULL, '2026-03-06 16:24:39.350479', '2026-03-06 16:24:39.350479', NULL, 23, 26),
(113, '2026-02-05', 'Bảo trì định kì 01th/ lần', 1, NULL, '2026-03-06 16:24:39.369836', '2026-03-06 16:24:39.369836', NULL, 23, 26),
(114, '2026-03-08', 'Bảo trì định kì 01th/ lần', 1, NULL, '2026-03-06 16:24:39.395355', '2026-03-06 16:24:39.395355', NULL, 23, 26),
(115, '2026-04-08', 'Bảo trì định kì 01th/ lần', 1, NULL, '2026-03-06 16:24:39.411842', '2026-03-06 16:24:39.411842', NULL, 23, 26),
(116, '2026-05-08', 'Bảo trì định kì 01th/ lần', 1, NULL, '2026-03-06 16:24:39.429980', '2026-03-06 16:24:39.429980', NULL, 23, 26),
(117, '2026-06-08', 'Bảo trì định kì 01th/ lần', 1, NULL, '2026-03-06 16:24:39.443306', '2026-03-06 16:24:39.443306', NULL, 23, 26),
(118, '2026-07-08', 'Bảo trì định kì 01th/ lần', 1, NULL, '2026-03-06 16:24:39.482480', '2026-03-06 16:24:39.482480', NULL, 23, 26),
(119, '2026-08-08', 'Bảo trì định kì 01th/ lần', 1, NULL, '2026-03-06 16:24:39.498329', '2026-03-06 16:24:39.498329', NULL, 23, 26),
(120, '2026-09-08', 'Bảo trì định kì 01th/ lần', 1, NULL, '2026-03-06 16:24:39.515724', '2026-03-06 16:24:39.515724', NULL, 23, 26),
(121, '2026-10-08', 'Bảo trì định kì 01th/ lần', 1, NULL, '2026-03-06 16:24:39.538465', '2026-03-06 16:24:39.538465', NULL, 23, 26),
(122, '2026-11-08', 'Bảo trì định kì 01th/ lần', 1, NULL, '2026-03-06 16:24:39.558198', '2026-03-06 16:24:39.558198', NULL, 23, 26),
(123, '2026-12-01', 'Bảo trì định kì 01th/ lần', 1, NULL, '2026-03-06 16:24:39.572390', '2026-03-06 16:24:39.572390', NULL, 23, 26),
(124, '2026-01-15', 'Bảo trì định kì 02 tháng/ lần', 1, NULL, '2026-03-07 10:49:42.719772', '2026-03-07 10:49:42.719772', NULL, 26, 30),
(125, '2026-03-09', 'Bảo trì định kì 02 tháng/ lần', 1, NULL, '2026-03-07 10:49:42.731375', '2026-03-07 10:49:42.731375', NULL, 26, 30),
(126, '2026-05-09', 'Bảo trì định kì 02 tháng/ lần', 1, NULL, '2026-03-07 10:49:42.741528', '2026-03-07 10:49:42.741528', NULL, 26, 30),
(127, '2026-07-09', 'Bảo trì định kì 02 tháng/ lần', 1, NULL, '2026-03-07 10:49:42.750719', '2026-03-07 10:49:42.750719', NULL, 26, 30),
(128, '2026-09-09', 'Bảo trì định kì 02 tháng/ lần', 1, NULL, '2026-03-07 10:49:42.768317', '2026-03-07 10:49:42.768317', NULL, 26, 30),
(129, '2026-11-09', 'Bảo trì định kì 02 tháng/ lần', 1, NULL, '2026-03-07 10:49:42.779798', '2026-03-07 10:49:42.779798', NULL, 26, 30),
(130, '2026-01-11', 'Bảo trì định kì 03 tháng/lần ', 1, NULL, '2026-03-07 11:13:45.596246', '2026-03-07 11:13:45.596246', NULL, 27, 31),
(131, '2026-04-02', 'Bảo trì định kì 03 tháng/lần ', 1, NULL, '2026-03-07 11:13:45.608839', '2026-03-07 11:13:45.608839', NULL, 27, 31),
(132, '2026-07-02', 'Bảo trì định kì 03 tháng/lần ', 1, NULL, '2026-03-07 11:13:45.621094', '2026-03-07 11:13:45.621094', NULL, 27, 31),
(133, '2026-10-02', 'Bảo trì định kì 03 tháng/lần ', 1, NULL, '2026-03-07 11:13:45.630860', '2026-03-07 11:13:45.630860', NULL, 27, 31),
(134, '2026-01-17', 'Bảo trì định kì 01th/ lần', 1, NULL, '2026-03-07 11:29:21.678285', '2026-03-07 11:29:21.678285', NULL, 28, 32),
(135, '2026-02-17', 'Bảo trì định kì 01th/ lần', 1, NULL, '2026-03-07 11:29:21.694149', '2026-03-07 11:29:21.694149', NULL, 28, 32),
(136, '2026-03-04', 'Bảo trì định kì 01th/ lần', 1, NULL, '2026-03-07 11:29:21.709168', '2026-03-07 11:29:21.709168', NULL, 28, 32),
(137, '2026-04-04', 'Bảo trì định kì 01th/ lần', 1, NULL, '2026-03-07 11:29:21.724193', '2026-03-07 11:29:21.724193', NULL, 28, 32),
(138, '2026-05-04', 'Bảo trì định kì 01th/ lần', 1, NULL, '2026-03-07 11:29:21.739679', '2026-03-07 11:29:21.739679', NULL, 28, 32),
(139, '2026-06-04', 'Bảo trì định kì 01th/ lần', 1, NULL, '2026-03-07 11:29:21.755272', '2026-03-07 11:29:21.755272', NULL, 28, 32),
(140, '2026-07-04', 'Bảo trì định kì 01th/ lần', 1, NULL, '2026-03-07 11:29:21.767653', '2026-03-07 11:29:21.767653', NULL, 28, 32),
(141, '2026-08-04', 'Bảo trì định kì 01th/ lần', 1, NULL, '2026-03-07 11:29:21.779425', '2026-03-07 11:29:21.779425', NULL, 28, 32),
(142, '2026-09-04', 'Bảo trì định kì 01th/ lần', 1, NULL, '2026-03-07 11:29:21.798709', '2026-03-07 11:29:21.798709', NULL, 28, 32),
(143, '2026-10-04', 'Bảo trì định kì 01th/ lần', 1, NULL, '2026-03-07 11:29:21.813914', '2026-03-07 11:29:21.813914', NULL, 28, 32),
(144, '2026-11-04', 'Bảo trì định kì 01th/ lần', 1, NULL, '2026-03-07 11:29:21.826361', '2026-03-07 11:29:21.826361', NULL, 28, 32),
(145, '2026-12-04', 'Bảo trì định kì 01th/ lần', 1, NULL, '2026-03-07 11:29:21.839597', '2026-03-07 11:29:21.839597', NULL, 28, 32),
(146, '2026-01-26', 'Bảo trì định kì 01th/ lần', 1, NULL, '2026-03-07 14:52:52.023693', '2026-03-07 14:52:52.023693', NULL, 29, 33),
(147, '2026-02-25', 'Bảo trì định kì 01th/ lần', 1, NULL, '2026-03-07 14:52:52.060595', '2026-03-07 14:52:52.060595', NULL, 29, 33),
(148, '2026-03-24', 'Bảo trì định kì 01th/ lần', 1, NULL, '2026-03-07 14:52:52.074107', '2026-03-07 14:52:52.074107', NULL, 29, 33),
(149, '2026-04-24', 'Bảo trì định kì 01th/ lần', 1, NULL, '2026-03-07 14:52:52.084734', '2026-03-07 14:52:52.084734', NULL, 29, 33),
(150, '2026-05-24', 'Bảo trì định kì 01th/ lần', 1, NULL, '2026-03-07 14:52:52.102782', '2026-03-07 14:52:52.102782', NULL, 29, 33),
(151, '2026-06-24', 'Bảo trì định kì 01th/ lần', 1, NULL, '2026-03-07 14:52:52.111987', '2026-03-07 14:52:52.111987', NULL, 29, 33),
(152, '2026-07-24', 'Bảo trì định kì 01th/ lần', 1, NULL, '2026-03-07 14:52:52.122491', '2026-03-07 14:52:52.122491', NULL, 29, 33),
(153, '2026-08-24', 'Bảo trì định kì 01th/ lần', 1, NULL, '2026-03-07 14:52:52.133889', '2026-03-07 14:52:52.133889', NULL, 29, 33),
(154, '2026-09-24', 'Bảo trì định kì 01th/ lần', 1, NULL, '2026-03-07 14:52:52.146926', '2026-03-07 14:52:52.146926', NULL, 29, 33),
(155, '2026-10-24', 'Bảo trì định kì 01th/ lần', 1, NULL, '2026-03-07 14:52:52.160602', '2026-03-07 14:52:52.160602', NULL, 29, 33),
(156, '2026-11-24', 'Bảo trì định kì 01th/ lần', 1, NULL, '2026-03-07 14:52:52.173182', '2026-03-07 14:52:52.173182', NULL, 29, 33),
(157, '2026-12-24', 'Bảo trì định kì 01th/ lần', 1, NULL, '2026-03-07 14:52:52.189844', '2026-03-07 14:52:52.189844', NULL, 29, 33),
(158, '2026-02-28', 'Bảo trì định kì 02 tháng/ lần', 1, NULL, '2026-03-07 15:48:05.678743', '2026-03-07 15:48:05.678743', NULL, 30, 34),
(159, '2026-04-05', 'Bảo trì định kì 02 tháng/ lần', 1, NULL, '2026-03-07 15:48:05.691915', '2026-03-07 15:48:05.691915', NULL, 30, 34),
(160, '2026-06-05', 'Bảo trì định kì 02 tháng/ lần', 1, NULL, '2026-03-07 15:48:05.701929', '2026-03-07 15:48:05.701929', NULL, 30, 34),
(161, '2026-08-05', 'Bảo trì định kì 02 tháng/ lần', 1, NULL, '2026-03-07 15:48:05.711898', '2026-03-07 15:48:05.711898', NULL, 30, 34),
(162, '2026-10-05', 'Bảo trì định kì 02 tháng/ lần', 1, NULL, '2026-03-07 15:48:05.723804', '2026-03-07 15:48:05.723804', NULL, 30, 34),
(163, '2026-12-07', 'Bảo trì định kì 02 tháng/ lần', 1, NULL, '2026-03-07 15:48:05.737506', '2026-03-07 15:48:05.737506', NULL, 30, 34),
(164, '2026-01-14', 'Bảo trì định kì 03 tháng/lần ', 1, NULL, '2026-03-09 09:12:06.003010', '2026-03-09 09:12:06.003010', NULL, 31, 35),
(165, '2026-04-03', 'Bảo trì định kì 03 tháng/lần ', 1, NULL, '2026-03-09 09:12:06.017196', '2026-03-09 09:12:06.017196', NULL, 31, 35),
(166, '2026-07-03', 'Bảo trì định kì 03 tháng/lần ', 1, NULL, '2026-03-09 09:12:06.026565', '2026-03-09 09:12:06.026565', NULL, 31, 35),
(167, '2026-10-03', 'Bảo trì định kì 03 tháng/lần ', 1, NULL, '2026-03-09 09:12:06.038349', '2026-03-09 09:12:06.038349', NULL, 31, 35),
(168, '2026-01-31', 'Bảo trì định kì', 1, NULL, '2026-03-09 10:08:09.713860', '2026-03-09 10:08:09.713860', NULL, 32, 36),
(169, '2026-04-01', 'Bảo trì định kì', 1, NULL, '2026-03-09 10:08:09.724708', '2026-03-09 10:08:09.724708', NULL, 32, 36),
(170, '2026-07-01', 'Bảo trì định kì', 1, NULL, '2026-03-09 10:08:09.734432', '2026-03-09 10:08:09.734432', NULL, 32, 36),
(171, '2026-10-01', 'Bảo trì định kì', 1, NULL, '2026-03-09 10:08:09.744119', '2026-03-09 10:08:09.744119', NULL, 32, 36),
(172, '2026-02-02', 'Bảo trì định kì 03 tháng/lần ', 1, NULL, '2026-03-09 10:24:30.901801', '2026-03-09 10:24:30.901801', NULL, 33, 37),
(173, '2026-05-02', 'Bảo trì định kì 03 tháng/lần ', 1, NULL, '2026-03-09 10:24:30.913442', '2026-03-09 10:24:30.913442', NULL, 33, 37),
(174, '2026-08-02', 'Bảo trì định kì 03 tháng/lần ', 1, NULL, '2026-03-09 10:24:30.922282', '2026-03-09 10:24:30.922282', NULL, 33, 37),
(175, '2026-11-02', 'Bảo trì định kì 03 tháng/lần ', 1, NULL, '2026-03-09 10:24:30.933356', '2026-03-09 10:24:30.933356', NULL, 33, 37),
(176, '2026-02-04', 'Bảo trì định kì 04 tháng/ lần', 1, NULL, '2026-03-09 10:35:53.630557', '2026-03-09 10:35:53.630557', NULL, 34, 39),
(177, '2026-06-04', 'Bảo trì định kì 04 tháng/ lần', 1, NULL, '2026-03-09 10:35:53.651127', '2026-03-09 10:35:53.651127', NULL, 34, 39),
(178, '2026-10-04', 'Bảo trì định kìv 04 tháng/ lần', 1, NULL, '2026-03-09 10:35:53.666021', '2026-03-09 10:35:53.666021', NULL, 34, 39),
(179, '2026-02-09', '1 năm bảo trì 2 lần', 1, NULL, '2026-03-09 10:48:59.230938', '2026-03-09 10:48:59.230938', NULL, 35, 40),
(180, '2026-08-02', '1 năm bảo trì 2 lần', 1, NULL, '2026-03-09 10:48:59.241531', '2026-03-09 10:48:59.241531', NULL, 35, 40),
(181, '2026-05-01', 'Bảo trì định kì 03 tháng/lần ', 1, NULL, '2026-03-09 11:18:12.695413', '2026-03-09 11:18:12.695413', NULL, 36, 41),
(182, '2026-08-01', 'Bảo trì định kì 03 tháng/lần ', 1, NULL, '2026-03-09 11:18:12.752412', '2026-03-09 11:18:12.752412', NULL, 36, 41),
(183, '2026-11-01', 'Bảo trì định kì 03 tháng/lần ', 1, NULL, '2026-03-09 11:18:12.780875', '2026-03-09 11:18:12.780875', NULL, 36, 41),
(184, '2027-03-01', 'Bảo trì định kì 03 tháng/lần ', 1, NULL, '2026-03-09 11:18:12.803139', '2026-03-09 11:18:12.803139', NULL, 36, 41),
(185, '2026-03-03', 'Bảo trì định kì 03 tháng/lần ', 1, NULL, '2026-03-09 11:55:56.810966', '2026-03-09 11:55:56.810966', NULL, 37, 43),
(186, '2026-06-03', 'Bảo trì định kì 03 tháng/lần ', 1, NULL, '2026-03-09 11:55:56.824969', '2026-03-09 11:55:56.824969', NULL, 37, 43),
(187, '2026-09-03', 'Bảo trì định kì 03 tháng/lần ', 1, NULL, '2026-03-09 11:55:56.832485', '2026-03-09 11:55:56.832485', NULL, 37, 43),
(188, '2026-12-03', 'Bảo trì định kì 03 tháng/lần ', 1, NULL, '2026-03-09 11:55:56.840277', '2026-03-09 11:55:56.840277', NULL, 37, 43),
(189, '2026-03-11', 'Bảo trì định kì 02 tháng/ lần', 1, NULL, '2026-03-10 09:56:26.142527', '2026-03-10 09:56:26.142527', NULL, 38, 44),
(190, '2026-05-02', 'Bảo trì định kì 02 tháng/ lần', 1, NULL, '2026-03-10 09:56:26.165776', '2026-03-10 09:56:26.165776', NULL, 38, 44),
(191, '2026-07-02', 'Bảo trì định kì 02 tháng/ lần', 1, NULL, '2026-03-10 09:56:26.174858', '2026-03-10 09:56:26.174858', NULL, 38, 44),
(192, '2026-09-02', 'Bảo trì định kì 02 tháng/ lần', 1, NULL, '2026-03-10 09:56:26.185109', '2026-03-10 09:56:26.185109', NULL, 38, 44),
(193, '2026-11-02', 'Bảo trì định kì 02 tháng/ lần', 1, NULL, '2026-03-10 09:56:26.200659', '2026-03-10 09:56:26.200659', NULL, 38, 44),
(194, '2027-01-02', 'Bảo trì định kì 02 tháng/ lần', 1, NULL, '2026-03-10 09:56:26.212073', '2026-03-10 09:56:26.212073', NULL, 38, 44),
(195, '2026-03-10', 'Bảo trì định kì 02 tháng/ lần', 1, NULL, '2026-03-10 10:05:32.976107', '2026-03-10 10:05:32.976107', NULL, 39, 45),
(196, '2026-05-02', 'Bảo trì định kì 02 tháng/ lần', 1, NULL, '2026-03-10 10:05:32.993047', '2026-03-10 10:05:32.993047', NULL, 39, 45),
(197, '2026-07-02', 'Bảo trì định kì 02 tháng/ lần', 1, NULL, '2026-03-10 10:05:33.003223', '2026-03-10 10:05:33.003223', NULL, 39, 45),
(198, '2026-09-02', 'Bảo trì định kì 02 tháng/ lần', 1, NULL, '2026-03-10 10:05:33.012448', '2026-03-10 10:05:33.012448', NULL, 39, 45),
(199, '2026-11-02', 'Bảo trì định kì 02 tháng/ lần', 1, NULL, '2026-03-10 10:05:33.023149', '2026-03-10 10:05:33.023149', NULL, 39, 45),
(200, '2026-03-10', 'Bảo trì định kì 02 tháng/ lần', 1, NULL, '2026-03-10 10:23:23.224292', '2026-03-10 10:23:23.224292', NULL, 40, 46),
(201, '2026-05-10', 'Bảo trì định kì 02 tháng/ lần', 1, NULL, '2026-03-10 10:23:23.238078', '2026-03-10 10:23:23.238078', NULL, 40, 46),
(202, '2026-07-10', 'Bảo trì định kì 02 tháng/ lần', 1, NULL, '2026-03-10 10:23:23.248378', '2026-03-10 10:23:23.248378', NULL, 40, 46),
(203, '2026-09-10', 'Bảo trì định kì 02 tháng/ lần', 1, NULL, '2026-03-10 10:23:23.259585', '2026-03-10 10:23:23.259585', NULL, 40, 46),
(204, '2026-11-10', 'Bảo trì định kì 02 tháng/ lần', 1, NULL, '2026-03-10 10:23:23.275212', '2026-03-10 10:23:23.275212', NULL, 40, 46),
(205, '2027-01-10', 'Bảo trì định kì 02 tháng/ lần', 1, NULL, '2026-03-10 10:23:23.285187', '2026-03-10 10:23:23.285187', NULL, 40, 46),
(206, '2026-02-09', 'Bảo trì định kì 03 tháng/lần ', 1, NULL, '2026-03-10 11:09:39.292783', '2026-03-10 11:09:39.292783', NULL, 41, 47),
(207, '2026-05-09', 'Bảo trì định kì 03 tháng/lần ', 1, NULL, '2026-03-10 11:09:39.308860', '2026-03-10 11:09:39.308860', NULL, 41, 47),
(208, '2026-08-09', 'Bảo trì định kì 03 tháng/lần ', 1, NULL, '2026-03-10 11:09:39.318444', '2026-03-10 11:09:39.318444', NULL, 41, 47),
(209, '2026-11-09', 'Bảo trì định kì 03 tháng/lần ', 1, NULL, '2026-03-10 11:09:39.327683', '2026-03-10 11:09:39.327683', NULL, 41, 47),
(210, '2025-05-28', 'Bảo trì định kì 02 tháng/ lần', 1, NULL, '2026-03-11 15:04:11.694370', '2026-03-11 15:04:11.694370', NULL, 42, 48),
(211, '2025-07-28', 'Bảo trì định kì 02 tháng/ lần', 1, NULL, '2026-03-11 15:04:11.708371', '2026-03-11 15:04:11.708371', NULL, 42, 48),
(212, '2025-09-20', 'Bảo trì định kì 02 tháng/ lần', 1, NULL, '2026-03-11 15:04:11.718092', '2026-03-11 15:04:11.718092', NULL, 42, 48),
(213, '2025-11-17', 'Bảo trì định kì 02 tháng/ lần', 1, NULL, '2026-03-11 15:04:11.729490', '2026-03-11 15:04:11.729490', NULL, 42, 48),
(214, '2026-03-12', 'Bảo trì định kì 02 tháng/ lần', 1, NULL, '2026-03-11 15:04:11.739585', '2026-03-11 15:04:11.739585', NULL, 42, 48),
(215, '2026-05-12', 'Bảo trì định kì 02 tháng/ lần', 1, NULL, '2026-03-11 15:04:11.750138', '2026-03-11 15:04:11.750138', NULL, 42, 48),
(216, '2025-08-30', 'Bảo trì định kì 02 tháng/ lần', 1, NULL, '2026-03-11 15:19:15.039455', '2026-03-11 15:19:15.039455', NULL, 44, 49),
(217, '2025-10-11', 'Bảo trì định kì 02 tháng/ lần', 1, NULL, '2026-03-11 15:19:15.076567', '2026-03-11 15:19:15.076567', NULL, 44, 49),
(218, '2025-12-11', 'Bảo trì định kì 02 tháng/ lần', 1, NULL, '2026-03-11 15:19:15.090979', '2026-03-11 15:19:15.090979', NULL, 44, 49),
(219, '2026-02-05', 'Bảo trì định kì 02 tháng/ lần', 1, NULL, '2026-03-11 15:19:15.117635', '2026-03-11 15:19:15.117635', NULL, 44, 49),
(220, '2026-04-05', 'Bảo trì định kì 02 tháng/ lần', 1, NULL, '2026-03-11 15:19:15.133033', '2026-03-11 15:19:15.133033', NULL, 44, 49),
(221, '2026-06-05', 'Bảo trì định kì 02 tháng/ lần', 1, NULL, '2026-03-11 15:19:15.149073', '2026-03-11 15:19:15.149073', NULL, 44, 49),
(222, '2025-08-23', 'Bảo trì định kì 2 thang máy ', 1, NULL, '2026-03-11 15:40:32.176610', '2026-03-11 15:40:32.176610', NULL, 45, 50),
(223, '2025-09-20', 'Bảo trì định kì 2 thang máy ', 1, NULL, '2026-03-11 15:40:32.197152', '2026-03-11 15:40:32.197152', NULL, 45, 50),
(224, '2025-10-23', 'Bảo trì định kì 2 thang máy ', 1, NULL, '2026-03-11 15:40:32.210711', '2026-03-11 15:40:32.210711', NULL, 45, 50),
(225, '2025-11-21', 'Bảo trì định kì 2 thang máy ', 1, NULL, '2026-03-11 15:40:32.231905', '2026-03-11 15:40:32.231905', NULL, 45, 50),
(226, '2025-12-28', 'Bảo trì định kì 2 thang máy ', 1, NULL, '2026-03-11 15:40:32.247479', '2026-03-11 15:40:32.247479', NULL, 45, 50),
(227, '2026-01-24', 'Bảo trì định kì 2 thang máy ', 1, NULL, '2026-03-11 15:40:32.264981', '2026-03-11 15:40:32.264981', NULL, 45, 50),
(228, '2026-02-28', 'Bảo trì định kì 2 thang máy ', 1, NULL, '2026-03-11 15:40:32.290449', '2026-03-11 15:40:32.290449', NULL, 45, 50),
(229, '2026-03-20', 'Bảo trì định kì 2 thang máy ', 1, NULL, '2026-03-11 15:40:32.333131', '2026-03-11 15:40:32.333131', NULL, 45, 50),
(230, '2026-04-20', 'Bảo trì định kì 2 thang máy ', 1, NULL, '2026-03-11 15:40:32.349878', '2026-03-11 15:40:32.349878', NULL, 45, 50),
(231, '2026-05-20', 'Bảo trì định kì 2 thang máy ', 1, NULL, '2026-03-11 15:40:32.370313', '2026-03-11 15:40:32.370313', NULL, 45, 50),
(232, '2026-06-20', 'Bảo trì định kì 2 thang máy ', 1, NULL, '2026-03-11 15:40:32.389738', '2026-03-11 15:40:32.389738', NULL, 45, 50),
(233, '2026-07-20', 'Bảo trì định kì 2 thang máy ', 1, NULL, '2026-03-11 15:40:32.415311', '2026-03-11 15:40:32.415311', NULL, 45, 50),
(234, '2026-03-27', 'Bảo trì định kì 01th/ lần', 1, NULL, '2026-03-11 15:48:21.210667', '2026-03-11 15:48:21.210667', NULL, 46, 51),
(235, '2025-08-06', 'Bảo trì định kì 03 tháng/lần ', 1, NULL, '2026-03-11 16:43:18.028968', '2026-03-11 16:43:18.028968', NULL, 48, 54),
(236, '2025-11-07', 'Bảo trì định kì 03 tháng/lần ', 1, NULL, '2026-03-11 16:43:18.048058', '2026-03-11 16:43:18.048058', NULL, 48, 54),
(237, '2026-03-12', 'Bảo trì định kì 03 tháng/lần ', 1, NULL, '2026-03-11 16:43:18.060551', '2026-03-11 16:43:18.060551', NULL, 48, 54),
(238, '2026-06-12', 'Bảo trì định kì 03 tháng/lần ', 1, NULL, '2026-03-11 16:43:18.071958', '2026-03-11 16:43:18.071958', NULL, 48, 54),
(239, '2026-03-12', 'Bảo trì định kì 03 tháng/lần ', 1, NULL, '2026-03-11 16:51:37.667523', '2026-03-11 16:51:37.667523', NULL, 49, 55),
(240, '2026-03-12', 'Bảo trì lần cuối', 1, NULL, '2026-03-12 08:22:27.513944', '2026-03-12 08:22:27.513944', NULL, 50, 56),
(241, '2025-04-11', 'Bảo trì định kì 03 tháng/lần ', 1, NULL, '2026-03-12 10:08:21.816881', '2026-03-12 10:08:21.816881', NULL, 51, 57),
(242, '2025-07-15', 'Bảo trì định kì 03 tháng/lần ', 1, NULL, '2026-03-12 10:08:21.831474', '2026-03-12 10:08:21.831474', NULL, 51, 57),
(243, '2025-10-25', 'Bảo trì định kì 03 tháng/lần ', 1, NULL, '2026-03-12 10:08:21.847456', '2026-03-12 10:08:21.847456', NULL, 51, 57),
(244, '2026-03-15', 'Bảo trì định kì 03 tháng/lần ', 1, NULL, '2026-03-12 10:08:21.856641', '2026-03-12 10:08:21.856641', NULL, 51, 57),
(245, '2025-05-30', 'Bảo trì định kì 02 tháng/ lần', 1, NULL, '2026-03-12 10:23:16.347446', '2026-03-12 10:23:16.347446', NULL, 52, 58),
(246, '2025-07-14', 'Bảo trì định kì 02 tháng/ lần', 1, NULL, '2026-03-12 10:23:16.362688', '2026-03-12 10:23:16.362688', NULL, 52, 58),
(247, '2025-09-10', 'Bảo trì định kì 02 tháng/ lần', 1, NULL, '2026-03-12 10:23:16.374003', '2026-03-12 10:23:16.374003', NULL, 52, 58),
(248, '2025-11-18', 'Bảo trì định kì 02 tháng/ lần', 1, NULL, '2026-03-12 10:23:16.386170', '2026-03-12 10:23:16.386170', NULL, 52, 58),
(249, '2026-01-29', 'Bảo trì định kì 02 tháng/ lần', 1, NULL, '2026-03-12 10:23:16.398897', '2026-03-12 10:23:16.398897', NULL, 52, 58),
(250, '2026-03-20', 'Bảo trì định kì 02 tháng/ lần', 1, NULL, '2026-03-12 10:23:16.411462', '2026-03-12 10:23:16.411462', NULL, 52, 58),
(251, '2026-03-12', 'Bảo trì định kì 01th/ lần', 1, NULL, '2026-03-12 10:53:47.982027', '2026-03-12 10:53:47.982027', NULL, 53, 59),
(252, '2025-04-05', 'Bảo trì định kì 03 tháng/lần ', 1, NULL, '2026-03-12 11:12:35.297184', '2026-03-12 11:12:35.297184', NULL, 54, 60),
(253, '2025-07-10', 'Bảo trì định kì 03 tháng/lần ', 1, NULL, '2026-03-12 11:12:35.366228', '2026-03-12 11:12:35.366228', NULL, 54, 60),
(254, '2025-10-08', 'Bảo trì định kì 03 tháng/lần ', 1, NULL, '2026-03-12 11:12:35.398283', '2026-03-12 11:12:35.398283', NULL, 54, 60),
(255, '2026-01-18', 'Bảo trì định kì 03 tháng/lần ', 1, NULL, '2026-03-12 11:12:35.429185', '2026-03-12 11:12:35.429185', NULL, 54, 60),
(256, '2026-04-01', 'Bảo trì định kì 03 tháng/lần ', 1, NULL, '2026-03-12 11:12:35.464796', '2026-03-12 11:12:35.464796', NULL, 54, 60),
(257, '2026-03-06', 'Bảo trì định kì 01th/ lần', 1, NULL, '2026-03-12 11:21:38.314970', '2026-03-12 11:21:38.314970', NULL, 55, 61),
(258, '2025-05-10', 'Bảo trì định kì 03 tháng/lần ', 1, NULL, '2026-03-12 11:33:26.445655', '2026-03-12 11:33:26.445655', NULL, 56, 62),
(259, '2025-12-29', 'Bảo trì định kì 03 tháng/lần ', 1, NULL, '2026-03-12 11:33:26.458956', '2026-03-12 11:33:26.458956', NULL, 56, 62),
(260, '2026-03-12', 'Bảo trì định kì 03 tháng/lần ', 1, NULL, '2026-03-12 11:33:26.470166', '2026-03-12 11:33:26.470166', NULL, 56, 62),
(261, '2026-03-15', 'Bảo trì định kì 01th/ lần', 1, NULL, '2026-03-12 15:25:27.414572', '2026-03-12 15:25:27.414572', NULL, 57, 63),
(262, '2026-04-15', 'Bảo trì định kì 01th/ lần', 1, NULL, '2026-03-12 15:25:27.447738', '2026-03-12 15:25:27.447738', NULL, 57, 63),
(263, '2026-05-15', 'Bảo trì định kì 01th/ lần', 1, NULL, '2026-03-12 15:25:27.483016', '2026-03-12 15:25:27.483016', NULL, 57, 63),
(264, '2026-06-15', 'Bảo trì định kì 01th/ lần', 1, NULL, '2026-03-12 15:25:27.495740', '2026-03-12 15:25:27.495740', NULL, 57, 63),
(265, '2026-07-15', 'Bảo trì định kì 01th/ lần', 1, NULL, '2026-03-12 15:25:27.510078', '2026-03-12 15:25:27.510078', NULL, 57, 63),
(266, '2026-08-15', 'Bảo trì định kì 01th/ lần', 1, NULL, '2026-03-12 15:25:27.520478', '2026-03-12 15:25:27.520478', NULL, 57, 63),
(267, '2026-09-15', 'Bảo trì định kì 01th/ lần', 1, NULL, '2026-03-12 15:25:27.535569', '2026-03-12 15:25:27.535569', NULL, 57, 63),
(268, '2026-10-15', 'Bảo trì định kì 01th/ lần', 1, NULL, '2026-03-12 15:25:27.552613', '2026-03-12 15:25:27.552613', NULL, 57, 63),
(269, '2026-03-04', 'Bảo trì định kì 01th/ lần', 1, NULL, '2026-03-12 15:54:31.346095', '2026-03-12 15:54:31.346095', NULL, 58, 64),
(270, '2026-04-04', 'Bảo trì định kì 01th/ lần', 1, NULL, '2026-03-12 15:54:31.358856', '2026-03-12 15:54:31.358856', NULL, 58, 64),
(271, '2025-05-26', 'Bảo trì định kì 02 tháng/ lần', 1, NULL, '2026-03-12 16:08:53.636005', '2026-03-12 16:08:53.636005', NULL, 59, 65),
(272, '2025-07-07', 'Bảo trì định kì 02 tháng/ lần', 1, NULL, '2026-03-12 16:08:53.657762', '2026-03-12 16:08:53.657762', NULL, 59, 65),
(273, '2025-09-30', 'Bảo trì định kì 02 tháng/ lần', 1, NULL, '2026-03-12 16:08:53.670137', '2026-03-12 16:08:53.670137', NULL, 59, 65),
(274, '2026-02-07', 'Bảo trì định kì 02 tháng/ lần', 1, NULL, '2026-03-12 16:08:53.691541', '2026-03-12 16:08:53.691541', NULL, 59, 65),
(275, '2026-04-07', 'Bảo trì định kì 02 tháng/ lần', 1, NULL, '2026-03-12 16:08:53.719572', '2026-03-12 16:08:53.719572', NULL, 59, 65),
(276, '2025-11-27', 'Bảo trì định kì 02 tháng/ lần', 1, NULL, '2026-03-12 16:08:53.729978', '2026-03-12 16:08:53.729978', NULL, 59, 65),
(277, '2025-06-28', 'Bảo trì định kì 03 tháng/lần ', 1, NULL, '2026-03-12 16:34:14.324155', '2026-03-12 16:34:14.324155', NULL, 60, 66),
(278, '2025-09-28', 'Bảo trì định kì 03 tháng/lần ', 1, NULL, '2026-03-12 16:34:14.334011', '2026-03-12 16:34:14.334011', NULL, 60, 66),
(279, '2025-12-27', 'Bảo trì định kì 03 tháng/lần ', 1, NULL, '2026-03-12 16:34:14.341412', '2026-03-12 16:34:14.341412', NULL, 60, 66),
(280, '2026-03-20', 'Bảo trì định kì 03 tháng/lần ', 1, NULL, '2026-03-12 16:34:14.349438', '2026-03-12 16:34:14.349438', NULL, 60, 66),
(281, '2025-08-16', 'Bảo trì định kì 03 tháng/lần ', 1, NULL, '2026-03-12 16:42:55.664137', '2026-03-12 16:42:55.664137', NULL, 61, 67),
(282, '2025-11-21', 'Bảo trì định kì 03 tháng/lần ', 1, NULL, '2026-03-12 16:42:55.702661', '2026-03-12 16:42:55.702661', NULL, 61, 67),
(283, '2026-02-09', 'Bảo trì định kì 03 tháng/lần ', 1, NULL, '2026-03-12 16:42:55.724281', '2026-03-12 16:42:55.724281', NULL, 61, 67),
(284, '2026-05-09', 'Bảo trì định kì 03 tháng/lần ', 1, NULL, '2026-03-12 16:42:55.759419', '2026-03-12 16:42:55.759419', NULL, 61, 67),
(285, '2025-05-10', 'Bảo trì định kì 02 tháng/ lần', 1, NULL, '2026-03-12 16:54:11.907054', '2026-03-12 16:54:11.907054', NULL, 62, 68),
(286, '2025-07-25', 'Bảo trì định kì 02 tháng/ lần', 1, NULL, '2026-03-12 16:54:11.920719', '2026-03-12 16:54:11.920719', NULL, 62, 68),
(287, '2025-09-24', 'Bảo trì định kì 02 tháng/ lần', 1, NULL, '2026-03-12 16:54:11.930723', '2026-03-12 16:54:11.930723', NULL, 62, 68),
(288, '2025-11-21', 'Bảo trì định kì 02 tháng/ lần', 1, NULL, '2026-03-12 16:54:11.945653', '2026-03-12 16:54:11.945653', NULL, 62, 68),
(289, '2026-01-27', 'Bảo trì định kì 02 tháng/ lần', 1, NULL, '2026-03-12 16:54:11.976523', '2026-03-12 16:54:11.976523', NULL, 62, 68),
(290, '2026-03-20', 'Bảo trì định kì 02 tháng/ lần', 1, NULL, '2026-03-12 16:54:11.993296', '2026-03-12 16:54:11.993296', NULL, 62, 68),
(291, '2026-03-10', 'Bảo trì định kì 01th/ lần', 1, NULL, '2026-03-12 17:02:35.530618', '2026-03-12 17:02:35.530618', NULL, 63, 69),
(292, '2026-04-10', 'Bảo trì định kì 01th/ lần', 1, NULL, '2026-03-12 17:02:35.546306', '2026-03-12 17:02:35.546306', NULL, 63, 69),
(293, '2026-05-10', 'Bảo trì định kì 01th/ lần', 1, NULL, '2026-03-12 17:02:35.558375', '2026-03-12 17:02:35.558375', NULL, 63, 69),
(294, '2026-03-13', 'Bảo trì định kì 01th/ lần', 1, NULL, '2026-03-12 17:06:45.190694', '2026-03-12 17:06:45.190694', NULL, 64, 70),
(295, '2026-04-13', 'Bảo trì định kì 01th/ lần', 1, NULL, '2026-03-12 17:06:45.203516', '2026-03-12 17:06:45.203516', NULL, 64, 70),
(296, '2026-05-13', 'Bảo trì định kì 01th/ lần', 1, NULL, '2026-03-12 17:06:45.213583', '2026-03-12 17:06:45.213583', NULL, 64, 70),
(297, '2026-02-13', 'Bảo trì định kì 02 tháng/ lần', 1, NULL, '2026-03-12 17:18:55.732637', '2026-03-12 17:18:55.732637', NULL, 65, 71),
(298, '2026-05-13', 'Bảo trì định kì 02 tháng/ lần', 1, NULL, '2026-03-12 17:18:55.749105', '2026-03-12 17:18:55.749105', NULL, 65, 71),
(299, '2025-08-14', 'Bảo trì định kì 03 tháng/lần ', 1, NULL, '2026-03-12 17:39:42.219727', '2026-03-12 17:39:42.219727', NULL, 66, 72),
(300, '2025-11-07', 'Bảo trì định kì 03 tháng/lần ', 1, NULL, '2026-03-12 17:39:42.251884', '2026-03-12 17:39:42.251884', NULL, 66, 72),
(301, '2026-02-09', 'Bảo trì định kì 03 tháng/lần ', 1, NULL, '2026-03-12 17:39:42.298772', '2026-03-12 17:39:42.298772', NULL, 66, 72),
(302, '2026-05-09', 'Bảo trì định kì 03 tháng/lần ', 1, NULL, '2026-03-12 17:39:42.389509', '2026-03-12 17:39:42.389509', NULL, 66, 72),
(303, '2025-09-22', 'Bảo trì định kì 03 tháng/lần ', 1, NULL, '2026-03-13 10:17:14.723518', '2026-03-13 10:17:14.723518', NULL, 67, 73),
(304, '2025-12-12', 'Bảo trì định kì 03 tháng/lần ', 1, NULL, '2026-03-13 10:17:14.733697', '2026-03-13 10:17:14.733697', NULL, 67, 73),
(305, '2026-03-13', 'Bảo trì định kì 03 tháng/lần ', 1, NULL, '2026-03-13 10:17:14.741785', '2026-03-13 10:17:14.741785', NULL, 67, 73),
(306, '2026-06-10', 'Bảo trì định kì 03 tháng/lần ', 1, NULL, '2026-03-13 10:17:14.749984', '2026-03-13 10:17:14.749984', NULL, 67, 73),
(307, '2025-09-28', 'Bảo trì định kì', 1, NULL, '2026-03-13 11:01:14.444091', '2026-03-13 11:01:14.444091', NULL, 68, 74),
(308, '2026-01-10', 'Bảo trì định kì', 1, NULL, '2026-03-13 11:01:14.456082', '2026-03-13 11:01:14.456082', NULL, 68, 74),
(309, '2026-04-10', 'Bảo trì định kì', 1, NULL, '2026-03-13 11:01:14.464101', '2026-03-13 11:01:14.464101', NULL, 68, 74),
(310, '2026-03-15', 'Bảo trì định kì 02 tháng/ lần', 1, NULL, '2026-03-13 11:30:35.283737', '2026-03-13 11:30:35.283737', NULL, 69, 75),
(311, '2026-05-15', 'Bảo trì định kì 02 tháng/ lần', 1, NULL, '2026-03-13 11:30:35.296005', '2026-03-13 11:30:35.296005', NULL, 69, 75),
(312, '2026-03-16', 'Bảo trì định kì 01th/ lần', 1, NULL, '2026-03-13 11:46:12.578048', '2026-03-13 11:46:12.578048', NULL, 70, 76),
(313, '2026-04-16', 'Bảo trì định kì 01th/ lần', 1, NULL, '2026-03-13 11:46:12.599792', '2026-03-13 11:46:12.599792', NULL, 70, 76),
(314, '2026-05-16', 'Bảo trì định kì 01th/ lần', 1, NULL, '2026-03-13 11:46:12.609912', '2026-03-13 11:46:12.609912', NULL, 70, 76),
(315, '2026-06-16', 'Bảo trì định kì 01th/ lần', 1, NULL, '2026-03-13 11:46:12.625077', '2026-03-13 11:46:12.625077', NULL, 70, 76),
(316, '2025-07-30', 'Bảo trì định kì 03 tháng/lần ', 1, NULL, '2026-03-13 14:54:15.690372', '2026-03-13 14:54:15.690372', NULL, 71, 77),
(317, '2025-10-26', 'Bảo trì định kì 03 tháng/lần ', 1, NULL, '2026-03-13 14:54:15.738526', '2026-03-13 14:54:15.738526', NULL, 71, 77),
(318, '2026-01-02', 'Bảo trì định kì 03 tháng/lần ', 1, NULL, '2026-03-13 14:54:15.823900', '2026-03-13 14:54:15.823900', NULL, 71, 77),
(319, '2026-04-05', 'Bảo trì định kì 03 tháng/lần ', 1, NULL, '2026-03-13 14:54:15.889600', '2026-03-13 14:54:15.889600', NULL, 71, 77),
(320, '2025-07-07', 'Bảo trì định kì 03 tháng/lần ', 1, NULL, '2026-03-13 15:22:55.086892', '2026-03-13 15:22:55.086892', NULL, 72, 78),
(321, '2025-10-09', 'Bảo trì định kì 03 tháng/lần ', 1, NULL, '2026-03-13 15:22:55.124570', '2026-03-13 15:22:55.124570', NULL, 72, 78),
(322, '2026-01-21', 'Bảo trì định kì 03 tháng/lần ', 1, NULL, '2026-03-13 15:22:55.193111', '2026-03-13 15:22:55.193111', NULL, 72, 78),
(323, '2026-04-20', 'Bảo trì định kì 03 tháng/lần ', 1, NULL, '2026-03-13 15:22:55.246925', '2026-03-13 15:22:55.246925', NULL, 72, 78),
(324, '2026-04-20', 'Bảo trì định kì 03 tháng/lần ', 1, NULL, '2026-03-13 15:31:45.428139', '2026-03-13 15:31:45.428139', NULL, 73, 79),
(325, '2026-04-21', 'Bảo trì định kì 02 tháng/ lần', 1, NULL, '2026-03-13 15:34:42.749980', '2026-03-13 15:34:42.749980', NULL, 74, 80),
(326, '2026-06-21', 'Bảo trì định kì 02 tháng/ lần', 1, NULL, '2026-03-13 15:34:42.841174', '2026-03-13 15:34:42.841174', NULL, 74, 80),
(327, '2026-05-10', 'Bảo trì định kì 02 tháng/ lần', 1, NULL, '2026-03-13 15:37:46.467062', '2026-03-13 15:37:46.467062', NULL, 75, 81),
(328, '2026-07-10', 'Bảo trì định kì 02 tháng/ lần', 1, NULL, '2026-03-13 15:37:46.587605', '2026-03-13 15:37:46.587605', NULL, 75, 81),
(329, '2026-03-13', 'Bảo trì định kì', 1, NULL, '2026-03-13 15:39:17.421706', '2026-03-13 15:39:17.421706', NULL, 75, 82),
(330, '2026-03-16', 'Bảo trì định kì 04 tháng/ lần', 1, NULL, '2026-03-13 15:57:11.424915', '2026-03-13 15:57:11.424915', NULL, 76, 83),
(331, '2026-03-03', 'Bảo trì định kì 01th/ lần', 1, NULL, '2026-03-13 16:47:33.465576', '2026-03-13 16:47:33.465576', NULL, 77, 84),
(332, '2026-04-03', 'Bảo trì định kì 01th/ lần', 1, NULL, '2026-03-13 16:47:33.627572', '2026-03-13 16:47:33.627572', NULL, 77, 84),
(333, '2026-05-03', 'Bảo trì định kì 01th/ lần', 1, NULL, '2026-03-13 16:47:33.908216', '2026-03-13 16:47:33.908216', NULL, 77, 84),
(334, '2026-06-03', 'Bảo trì định kì 01th/ lần', 1, NULL, '2026-03-13 16:47:33.930430', '2026-03-13 16:47:33.930430', NULL, 77, 84),
(335, '2026-07-03', 'Bảo trì định kì 01th/ lần', 1, NULL, '2026-03-13 16:47:33.971068', '2026-03-13 16:47:33.971068', NULL, 77, 84),
(336, '2026-03-16', 'Bảo trì định kì 01th/ lần', 1, NULL, '2026-03-13 16:53:13.853315', '2026-03-13 16:53:13.853315', NULL, 78, 85),
(337, '2026-04-17', 'Bảo trì định kì 01th/ lần', 1, NULL, '2026-03-13 16:53:13.910389', '2026-03-13 16:53:13.910389', NULL, 78, 85),
(338, '2026-05-17', 'Bảo trì định kì 01th/ lần', 1, NULL, '2026-03-13 16:53:13.935588', '2026-03-13 16:53:13.935588', NULL, 78, 85),
(339, '2026-06-17', 'Bảo trì định kì 01th/ lần', 1, NULL, '2026-03-13 16:53:13.962628', '2026-03-13 16:53:13.962628', NULL, 78, 85),
(340, '2026-04-10', 'Bảo trì định kì 02 tháng/ lần', 1, NULL, '2026-03-14 08:52:23.409987', '2026-03-14 08:52:23.409987', NULL, 79, 86),
(341, '2026-06-10', 'Bảo trì định kì 02 tháng/ lần', 1, NULL, '2026-03-14 08:52:23.428737', '2026-03-14 08:52:23.428737', NULL, 79, 86),
(342, '2026-04-14', 'Bảo trì định kì 02 tháng/ lần', 1, NULL, '2026-03-14 09:32:49.294260', '2026-03-14 09:32:49.294260', NULL, 80, 87),
(343, '2026-06-14', 'Bảo trì định kì 02 tháng/ lần', 1, NULL, '2026-03-14 09:32:49.535649', '2026-03-14 09:32:49.535649', NULL, 80, 87),
(344, '2026-04-10', 'Bảo trì định kì 02 tháng/ lần', 1, NULL, '2026-03-14 09:36:42.417396', '2026-03-14 09:36:42.417396', NULL, 81, 88),
(345, '2026-06-10', 'Bảo trì định kì 02 tháng/ lần', 1, NULL, '2026-03-14 09:36:42.498081', '2026-03-14 09:36:42.498081', NULL, 81, 88),
(346, '2026-04-02', 'Bảo trì định kì 03 tháng/lần ', 1, NULL, '2026-03-14 09:41:52.859476', '2026-03-14 09:41:52.859476', NULL, 82, 90),
(347, '2026-04-05', 'Bảo trì định kì 03 tháng/lần ', 1, NULL, '2026-03-14 09:55:08.880180', '2026-03-14 09:55:08.880180', NULL, 83, 91),
(348, '2026-04-10', 'Bảo trì định kì 02 tháng/ lần', 1, NULL, '2026-03-14 10:02:17.789938', '2026-03-14 10:02:17.789938', NULL, 84, 92),
(349, '2026-06-10', 'Bảo trì định kì 02 tháng/ lần', 1, NULL, '2026-03-14 10:02:17.812229', '2026-03-14 10:02:17.812229', NULL, 84, 92),
(350, '2026-03-25', 'Bảo trì định kì 02 tháng/ lần', 1, NULL, '2026-03-14 10:12:15.576810', '2026-03-14 10:12:15.576810', NULL, 85, 93),
(351, '2026-05-25', 'Bảo trì định kì 02 tháng/ lần', 1, NULL, '2026-03-14 10:12:15.591233', '2026-03-14 10:12:15.591233', NULL, 85, 93),
(352, '2026-07-25', 'Bảo trì định kì 02 tháng/ lần', 1, NULL, '2026-03-14 10:12:15.603096', '2026-03-14 10:12:15.603096', NULL, 85, 93),
(353, '2026-03-20', 'Bảo trì định kì 03 tháng/lần ', 1, NULL, '2026-03-14 15:03:20.969118', '2026-03-14 15:03:20.969118', NULL, 86, 94),
(354, '2026-06-20', 'Bảo trì định kì 03 tháng/lần ', 1, NULL, '2026-03-14 15:03:20.984458', '2026-03-14 15:03:20.984458', NULL, 86, 94),
(355, '2026-04-02', 'Bảo trì định kì 04 tháng/ lần', 1, NULL, '2026-03-14 16:04:44.175116', '2026-03-14 16:04:44.175116', NULL, 87, 95),
(356, '2026-04-01', 'Bảo trì định kì 03 tháng/lần ', 1, NULL, '2026-03-16 13:59:50.499239', '2026-03-16 13:59:50.499239', NULL, 88, 96),
(357, '2026-07-01', 'Bảo trì định kì 03 tháng/lần ', 1, NULL, '2026-03-16 14:00:26.565361', '2026-03-16 14:00:26.565361', NULL, 88, 96),
(358, '2026-10-01', 'Bảo trì định kì 03 tháng/lần ', 1, NULL, '2026-03-16 14:00:26.715448', '2026-03-16 14:00:26.715448', NULL, 88, 96),
(359, '2027-01-01', 'Bảo trì định kì 03 tháng/lần ', 1, NULL, '2026-03-16 14:00:26.788867', '2026-03-16 14:00:26.788867', NULL, 88, 96);

-- --------------------------------------------------------

--
-- Table structure for table `maintenance_action`
--

CREATE TABLE `maintenance_action` (
  `id` int(11) NOT NULL,
  `status` datetime DEFAULT NULL,
  `weight` int(11) DEFAULT NULL,
  `createdAt` datetime(6) NOT NULL DEFAULT current_timestamp(6),
  `feedback` text DEFAULT NULL,
  `updatedAt` datetime(6) NOT NULL DEFAULT current_timestamp(6) ON UPDATE current_timestamp(6),
  `deletedAt` datetime(6) DEFAULT NULL,
  `staffId` int(11) DEFAULT NULL,
  `maintenanceId` int(11) DEFAULT NULL,
  `image` longtext CHARACTER SET utf8mb4 COLLATE utf8mb4_bin DEFAULT NULL CHECK (json_valid(`image`))
) ENGINE=InnoDB DEFAULT CHARSET=utf8mb4 COLLATE=utf8mb4_unicode_ci;

--
-- Dumping data for table `maintenance_action`
--

INSERT INTO `maintenance_action` (`id`, `status`, `weight`, `createdAt`, `feedback`, `updatedAt`, `deletedAt`, `staffId`, `maintenanceId`, `image`) VALUES
(1, NULL, 1, '2026-02-28 09:37:24.425088', NULL, '2026-02-28 09:37:24.000000', NULL, 5, 1, NULL),
(2, NULL, 1, '2026-02-28 13:58:46.507360', NULL, '2026-02-28 13:58:46.000000', NULL, 6, 27, NULL),
(3, '2026-03-03 16:32:54', 1, '2026-02-28 14:22:53.889069', '', '2026-03-03 16:32:54.000000', NULL, 6, 37, NULL),
(4, NULL, 1, '2026-03-02 11:04:37.756883', NULL, '2026-03-02 11:04:37.000000', NULL, 5, 45, NULL),
(5, NULL, 1, '2026-03-02 11:04:45.562356', NULL, '2026-03-02 11:04:45.000000', NULL, 5, 46, NULL),
(6, NULL, 1, '2026-03-02 11:05:41.913390', NULL, '2026-03-02 11:05:42.000000', NULL, 5, 47, NULL),
(7, NULL, 1, '2026-03-02 11:05:49.486324', NULL, '2026-03-02 11:05:49.000000', NULL, 5, 48, NULL),
(8, NULL, 1, '2026-03-03 15:57:24.798733', NULL, '2026-03-03 15:57:24.000000', NULL, 5, 49, NULL),
(9, NULL, 1, '2026-03-03 15:57:32.065200', NULL, '2026-03-03 15:57:32.000000', NULL, 5, 50, NULL),
(10, NULL, 1, '2026-03-03 15:57:38.844706', NULL, '2026-03-03 15:57:38.000000', NULL, 5, 51, NULL),
(11, NULL, 1, '2026-03-03 15:57:46.134026', NULL, '2026-03-03 15:57:46.000000', NULL, 5, 52, NULL),
(12, '2026-03-05 16:26:36', 1, '2026-03-05 16:03:31.822905', '', '2026-03-05 16:26:36.000000', NULL, 6, 53, NULL),
(13, '2026-03-05 16:26:55', 1, '2026-03-05 16:03:38.753291', '', '2026-03-05 16:26:55.000000', NULL, 6, 54, NULL),
(14, '2026-03-05 16:27:03', 1, '2026-03-05 16:03:47.566730', '', '2026-03-05 16:27:03.000000', NULL, 6, 55, NULL),
(15, NULL, 1, '2026-03-05 16:24:31.722967', NULL, '2026-03-05 16:24:31.000000', NULL, 5, 65, NULL),
(16, NULL, 1, '2026-03-05 16:24:38.521000', NULL, '2026-03-05 16:24:38.000000', NULL, 5, 66, NULL),
(17, NULL, 1, '2026-03-05 16:24:45.469812', NULL, '2026-03-05 16:24:45.000000', NULL, 5, 67, NULL),
(18, NULL, 1, '2026-03-05 16:24:51.846237', NULL, '2026-03-05 16:24:51.000000', NULL, 5, 68, NULL),
(19, NULL, 1, '2026-03-05 16:24:59.615720', NULL, '2026-03-05 16:24:59.000000', NULL, 5, 69, NULL),
(20, NULL, 1, '2026-03-05 16:25:06.351064', NULL, '2026-03-05 16:25:06.000000', NULL, 5, 70, NULL),
(21, NULL, 1, '2026-03-05 16:25:13.414804', NULL, '2026-03-05 16:25:13.000000', NULL, 5, 71, NULL),
(22, NULL, 1, '2026-03-05 16:25:22.430661', NULL, '2026-03-05 16:25:22.000000', NULL, 5, 72, NULL),
(23, NULL, 1, '2026-03-05 16:25:29.392098', NULL, '2026-03-05 16:25:29.000000', NULL, 5, 73, NULL),
(24, NULL, 1, '2026-03-05 16:25:36.457653', NULL, '2026-03-05 16:25:36.000000', NULL, 5, 74, NULL),
(25, NULL, 1, '2026-03-05 16:45:33.941320', NULL, '2026-03-05 16:45:33.000000', NULL, 8, 76, NULL),
(26, NULL, 1, '2026-03-05 16:45:39.105562', NULL, '2026-03-05 16:45:39.000000', NULL, 8, 77, NULL),
(27, NULL, 1, '2026-03-05 16:45:45.382377', NULL, '2026-03-05 16:45:45.000000', NULL, 8, 78, NULL),
(28, NULL, 1, '2026-03-05 16:45:51.453331', NULL, '2026-03-05 16:45:51.000000', NULL, 8, 79, NULL),
(29, NULL, 1, '2026-03-05 16:54:43.137796', NULL, '2026-03-05 16:54:43.000000', NULL, 8, 80, NULL),
(30, NULL, 1, '2026-03-05 16:54:48.695021', NULL, '2026-03-05 16:54:48.000000', NULL, 8, 81, NULL),
(31, NULL, 1, '2026-03-05 16:54:55.514558', NULL, '2026-03-05 16:54:55.000000', NULL, 8, 82, NULL),
(32, NULL, 1, '2026-03-05 16:55:07.562139', NULL, '2026-03-05 16:55:07.000000', NULL, 8, 83, NULL),
(33, NULL, 1, '2026-03-05 16:55:14.536182', NULL, '2026-03-05 16:55:14.000000', NULL, 8, 84, NULL),
(34, NULL, 1, '2026-03-05 16:55:20.707889', NULL, '2026-03-05 16:55:20.000000', NULL, 8, 83, NULL),
(35, NULL, 1, '2026-03-05 16:55:29.619915', NULL, '2026-03-05 16:55:29.000000', NULL, 8, 84, NULL),
(36, NULL, 1, '2026-03-05 16:55:45.300751', NULL, '2026-03-05 16:55:45.000000', NULL, 8, 85, NULL),
(37, NULL, 1, '2026-03-05 16:55:53.410469', NULL, '2026-03-05 16:55:53.000000', NULL, 8, 86, NULL),
(38, NULL, 1, '2026-03-05 16:56:00.469383', NULL, '2026-03-05 16:56:00.000000', NULL, 8, 87, NULL),
(39, NULL, 1, '2026-03-05 16:56:07.849311', NULL, '2026-03-05 16:56:07.000000', NULL, 8, 88, NULL),
(40, NULL, 1, '2026-03-05 16:56:14.598804', NULL, '2026-03-05 16:56:14.000000', NULL, 8, 89, NULL),
(41, NULL, 1, '2026-03-06 15:10:23.109585', NULL, '2026-03-06 15:10:23.000000', NULL, 8, 91, NULL),
(42, NULL, 1, '2026-03-06 15:10:28.907072', NULL, '2026-03-06 15:10:28.000000', NULL, 8, 92, NULL),
(43, NULL, 1, '2026-03-06 15:10:35.600032', NULL, '2026-03-06 15:10:35.000000', NULL, 8, 93, NULL),
(44, NULL, 1, '2026-03-06 15:10:41.880100', NULL, '2026-03-06 15:10:41.000000', NULL, 8, 94, NULL),
(45, NULL, 1, '2026-03-06 15:12:10.218077', NULL, '2026-03-06 15:12:10.000000', NULL, 8, 95, NULL),
(46, NULL, 1, '2026-03-06 15:12:18.299678', NULL, '2026-03-06 15:12:18.000000', NULL, 8, 96, NULL),
(47, NULL, 1, '2026-03-06 15:12:25.277644', NULL, '2026-03-06 15:12:25.000000', NULL, 8, 97, NULL),
(48, NULL, 1, '2026-03-06 15:12:32.736459', NULL, '2026-03-06 15:12:32.000000', NULL, 8, 98, NULL),
(49, NULL, 1, '2026-03-06 15:12:51.322174', NULL, '2026-03-06 15:12:51.000000', NULL, 8, 99, NULL),
(50, NULL, 1, '2026-03-06 15:12:58.419118', NULL, '2026-03-06 15:12:58.000000', NULL, 8, 100, NULL),
(51, NULL, 1, '2026-03-06 15:49:44.615397', NULL, '2026-03-06 15:49:44.000000', NULL, 8, 103, NULL),
(52, NULL, 1, '2026-03-06 15:49:50.163784', NULL, '2026-03-06 15:49:50.000000', NULL, 8, 104, NULL),
(53, NULL, 1, '2026-03-06 15:51:12.337234', NULL, '2026-03-06 15:51:12.000000', NULL, 8, 105, NULL),
(54, NULL, 1, '2026-03-06 15:51:19.433405', NULL, '2026-03-06 15:51:19.000000', NULL, 8, 106, NULL),
(55, NULL, 1, '2026-03-06 16:01:25.437819', NULL, '2026-03-06 16:01:25.000000', NULL, 6, 107, NULL),
(56, NULL, 1, '2026-03-06 16:24:46.931087', NULL, '2026-03-06 16:24:46.000000', NULL, 8, 112, NULL),
(57, NULL, 1, '2026-03-06 16:24:53.019101', NULL, '2026-03-06 16:24:53.000000', NULL, 8, 113, NULL),
(58, NULL, 1, '2026-03-06 16:25:00.972973', NULL, '2026-03-06 16:25:01.000000', NULL, 8, 114, NULL),
(59, NULL, 1, '2026-03-06 16:25:07.791469', NULL, '2026-03-06 16:25:07.000000', NULL, 8, 115, NULL),
(60, NULL, 1, '2026-03-06 16:25:14.986375', NULL, '2026-03-06 16:25:15.000000', NULL, 8, 116, NULL),
(61, NULL, 1, '2026-03-06 16:25:53.254785', NULL, '2026-03-06 16:25:53.000000', NULL, 8, 117, NULL),
(62, NULL, 1, '2026-03-06 16:25:59.855586', NULL, '2026-03-06 16:25:59.000000', NULL, 8, 118, NULL),
(63, NULL, 1, '2026-03-06 16:26:07.814759', NULL, '2026-03-06 16:26:07.000000', NULL, 8, 119, NULL),
(64, NULL, 1, '2026-03-06 16:26:14.791875', NULL, '2026-03-06 16:26:14.000000', NULL, 8, 120, NULL),
(65, NULL, 1, '2026-03-06 16:26:22.762915', NULL, '2026-03-06 16:26:22.000000', NULL, 8, 121, NULL),
(66, NULL, 1, '2026-03-07 10:49:51.808601', NULL, '2026-03-07 10:49:51.000000', NULL, 8, 124, NULL),
(67, NULL, 1, '2026-03-07 10:51:29.894983', NULL, '2026-03-07 10:51:29.000000', NULL, 8, 125, NULL),
(68, NULL, 1, '2026-03-07 10:51:36.511736', NULL, '2026-03-07 10:51:36.000000', NULL, 8, 126, NULL),
(69, NULL, 1, '2026-03-07 10:52:02.266189', NULL, '2026-03-07 10:52:02.000000', NULL, 8, 127, NULL),
(70, NULL, 1, '2026-03-07 10:52:08.979003', NULL, '2026-03-07 10:52:09.000000', NULL, 8, 128, NULL),
(71, NULL, 1, '2026-03-07 10:52:47.897261', NULL, '2026-03-07 10:52:47.000000', NULL, 8, 129, NULL),
(72, NULL, 1, '2026-03-07 11:13:53.869759', NULL, '2026-03-07 11:13:53.000000', NULL, 8, 130, NULL),
(73, NULL, 1, '2026-03-07 11:13:58.733363', NULL, '2026-03-07 11:13:58.000000', NULL, 8, 131, NULL),
(74, NULL, 1, '2026-03-07 11:15:05.874531', NULL, '2026-03-07 11:15:05.000000', NULL, 8, 132, NULL),
(75, NULL, 1, '2026-03-07 11:15:11.417964', NULL, '2026-03-07 11:15:11.000000', NULL, 8, 133, NULL),
(76, '2026-03-10 11:16:20', 1, '2026-03-07 11:29:29.527138', '', '2026-03-10 11:16:20.000000', NULL, 6, 134, NULL),
(77, '2026-03-10 11:16:36', 1, '2026-03-07 11:29:35.363235', '', '2026-03-10 11:16:36.000000', NULL, 6, 135, NULL),
(78, NULL, 1, '2026-03-07 11:29:41.048365', NULL, '2026-03-07 11:29:41.000000', NULL, 6, 136, NULL),
(79, NULL, 1, '2026-03-07 14:52:59.584204', NULL, '2026-03-07 14:52:59.000000', NULL, 6, 146, NULL),
(80, NULL, 1, '2026-03-07 14:53:05.771349', NULL, '2026-03-07 14:53:05.000000', NULL, 6, 147, NULL),
(81, NULL, 1, '2026-03-07 14:53:12.999118', NULL, '2026-03-07 14:53:13.000000', NULL, 6, 148, NULL),
(82, NULL, 1, '2026-03-07 15:48:16.397607', NULL, '2026-03-07 15:48:16.000000', NULL, 5, 158, NULL),
(83, NULL, 1, '2026-03-07 15:48:29.296798', NULL, '2026-03-07 15:48:29.000000', NULL, 5, 159, NULL),
(84, NULL, 1, '2026-03-07 15:54:03.055670', NULL, '2026-03-07 15:54:03.000000', NULL, 5, 160, NULL),
(85, NULL, 1, '2026-03-07 15:54:20.542824', NULL, '2026-03-07 15:54:20.000000', NULL, 5, 161, NULL),
(86, NULL, 1, '2026-03-07 15:54:27.838151', NULL, '2026-03-07 15:54:27.000000', NULL, 5, 162, NULL),
(87, NULL, 1, '2026-03-07 15:54:34.357992', NULL, '2026-03-07 15:54:34.000000', NULL, 5, 163, NULL),
(88, NULL, 1, '2026-03-09 10:08:18.529976', NULL, '2026-03-09 10:08:18.000000', NULL, 8, 168, NULL),
(89, NULL, 1, '2026-03-09 10:08:23.841766', NULL, '2026-03-09 10:08:23.000000', NULL, 8, 169, NULL),
(90, NULL, 1, '2026-03-09 10:08:29.935710', NULL, '2026-03-09 10:08:29.000000', NULL, 8, 170, NULL),
(91, NULL, 1, '2026-03-09 10:13:28.876497', NULL, '2026-03-09 10:13:28.000000', NULL, 8, 171, NULL),
(92, NULL, 1, '2026-03-09 10:13:41.828071', NULL, '2026-03-09 10:13:41.000000', NULL, 8, 164, NULL),
(93, NULL, 1, '2026-03-09 10:13:47.352637', NULL, '2026-03-09 10:13:47.000000', NULL, 8, 165, NULL),
(94, NULL, 1, '2026-03-09 10:13:54.569571', NULL, '2026-03-09 10:13:54.000000', NULL, 8, 166, NULL),
(95, NULL, 1, '2026-03-09 10:13:59.957649', NULL, '2026-03-09 10:13:59.000000', NULL, 8, 167, NULL),
(96, NULL, 1, '2026-03-09 10:24:36.305505', NULL, '2026-03-09 10:24:36.000000', NULL, 8, 172, NULL),
(97, NULL, 1, '2026-03-09 10:24:43.057193', NULL, '2026-03-09 10:24:43.000000', NULL, 8, 173, NULL),
(98, NULL, 1, '2026-03-09 10:24:50.123572', NULL, '2026-03-09 10:24:50.000000', NULL, 8, 174, NULL),
(99, NULL, 1, '2026-03-09 10:24:59.224442', NULL, '2026-03-09 10:24:59.000000', NULL, 8, 175, NULL),
(100, NULL, 1, '2026-03-09 10:49:05.484485', NULL, '2026-03-09 10:49:05.000000', NULL, 8, 179, NULL),
(101, NULL, 1, '2026-03-09 10:49:10.391216', NULL, '2026-03-09 10:49:10.000000', NULL, 8, 180, NULL),
(102, NULL, 1, '2026-03-10 09:56:33.565040', NULL, '2026-03-10 09:56:33.000000', NULL, 8, 189, NULL),
(103, NULL, 1, '2026-03-10 09:56:38.709970', NULL, '2026-03-10 09:56:38.000000', NULL, 8, 190, NULL),
(104, NULL, 1, '2026-03-10 09:56:44.667837', NULL, '2026-03-10 09:56:44.000000', NULL, 8, 191, NULL),
(105, NULL, 1, '2026-03-10 09:59:37.485190', NULL, '2026-03-10 09:59:37.000000', NULL, 8, 192, NULL),
(106, NULL, 1, '2026-03-10 09:59:43.481171', NULL, '2026-03-10 09:59:43.000000', NULL, 8, 193, NULL),
(107, NULL, 1, '2026-03-10 09:59:50.562687', NULL, '2026-03-10 09:59:50.000000', NULL, 8, 194, NULL),
(108, NULL, 1, '2026-03-10 10:05:38.698912', NULL, '2026-03-10 10:05:38.000000', NULL, 8, 195, NULL),
(109, NULL, 1, '2026-03-10 10:05:44.182456', NULL, '2026-03-10 10:05:44.000000', NULL, 8, 196, NULL),
(110, NULL, 1, '2026-03-10 10:05:49.240326', NULL, '2026-03-10 10:05:49.000000', NULL, 8, 197, NULL),
(111, NULL, 1, '2026-03-10 10:05:55.524665', NULL, '2026-03-10 10:05:55.000000', NULL, 8, 198, NULL),
(112, NULL, 1, '2026-03-10 10:06:01.754066', NULL, '2026-03-10 10:06:01.000000', NULL, 8, 199, NULL),
(113, NULL, 1, '2026-03-10 10:23:34.278841', NULL, '2026-03-10 10:23:34.000000', NULL, 5, 200, NULL),
(114, NULL, 1, '2026-03-10 10:23:40.563250', NULL, '2026-03-10 10:23:40.000000', NULL, 5, 201, NULL),
(115, NULL, 1, '2026-03-10 10:24:29.380779', NULL, '2026-03-10 10:24:29.000000', NULL, 5, 202, NULL),
(116, NULL, 1, '2026-03-10 10:24:35.059806', NULL, '2026-03-10 10:24:35.000000', NULL, 5, 203, NULL),
(117, NULL, 1, '2026-03-10 10:24:40.976027', NULL, '2026-03-10 10:24:40.000000', NULL, 5, 204, NULL),
(118, NULL, 1, '2026-03-10 10:24:47.470485', NULL, '2026-03-10 10:24:47.000000', NULL, 5, 205, NULL),
(119, NULL, 1, '2026-03-10 11:15:52.707605', NULL, '2026-03-10 11:15:52.000000', NULL, 5, 206, NULL),
(120, NULL, 1, '2026-03-10 11:15:57.872974', NULL, '2026-03-10 11:15:57.000000', NULL, 5, 207, NULL),
(121, NULL, 1, '2026-03-10 11:16:05.034846', NULL, '2026-03-10 11:16:05.000000', NULL, 5, 208, NULL),
(122, NULL, 1, '2026-03-10 11:21:38.685306', NULL, '2026-03-10 11:21:38.000000', NULL, 5, 209, NULL),
(123, NULL, 1, '2026-03-11 10:15:25.438804', NULL, '2026-03-11 10:15:25.000000', NULL, 8, 41, NULL),
(124, NULL, 1, '2026-03-11 10:15:34.051701', NULL, '2026-03-11 10:15:34.000000', NULL, 8, 42, NULL),
(125, NULL, 1, '2026-03-11 10:15:39.659766', NULL, '2026-03-11 10:15:39.000000', NULL, 8, 43, NULL),
(126, NULL, 1, '2026-03-11 10:15:46.243207', NULL, '2026-03-11 10:15:46.000000', NULL, 8, 44, NULL),
(127, NULL, 1, '2026-03-11 10:19:10.050518', NULL, '2026-03-11 10:19:10.000000', NULL, 5, 2, NULL),
(128, NULL, 1, '2026-03-11 10:19:17.264862', NULL, '2026-03-11 10:19:17.000000', NULL, 5, 3, NULL),
(129, NULL, 1, '2026-03-11 10:19:22.895929', NULL, '2026-03-11 10:19:22.000000', NULL, 5, 4, NULL),
(130, NULL, 1, '2026-03-11 15:04:17.392712', NULL, '2026-03-11 15:04:17.000000', NULL, 6, 210, NULL),
(131, NULL, 1, '2026-03-11 15:04:23.070985', NULL, '2026-03-11 15:04:23.000000', NULL, 6, 211, NULL),
(132, NULL, 1, '2026-03-11 15:04:29.195624', NULL, '2026-03-11 15:04:29.000000', NULL, 6, 212, NULL),
(133, NULL, 1, '2026-03-11 15:06:45.971155', NULL, '2026-03-11 15:06:46.000000', NULL, 6, 213, NULL),
(134, NULL, 1, '2026-03-11 15:06:52.738628', NULL, '2026-03-11 15:06:52.000000', NULL, 6, 214, NULL),
(135, NULL, 1, '2026-03-11 15:06:59.273406', NULL, '2026-03-11 15:06:59.000000', NULL, 6, 215, NULL),
(136, NULL, 1, '2026-03-11 15:19:20.530617', NULL, '2026-03-11 15:19:20.000000', NULL, 8, 216, NULL),
(137, NULL, 1, '2026-03-11 15:19:26.717938', NULL, '2026-03-11 15:19:26.000000', NULL, 8, 217, NULL),
(138, NULL, 1, '2026-03-11 15:19:31.806518', NULL, '2026-03-11 15:19:31.000000', NULL, 8, 218, NULL),
(139, NULL, 1, '2026-03-11 15:20:07.751259', NULL, '2026-03-11 15:20:07.000000', NULL, 8, 219, NULL),
(140, NULL, 1, '2026-03-11 15:20:15.012384', NULL, '2026-03-11 15:20:15.000000', NULL, 8, 220, NULL),
(141, NULL, 1, '2026-03-11 15:20:16.142299', NULL, '2026-03-11 15:20:16.000000', NULL, 8, 220, NULL),
(142, NULL, 1, '2026-03-11 15:20:23.252608', NULL, '2026-03-11 15:20:23.000000', NULL, 8, 221, NULL),
(143, NULL, 1, '2026-03-11 15:40:49.562899', NULL, '2026-03-11 15:40:49.000000', NULL, 8, 222, NULL),
(144, NULL, 1, '2026-03-11 15:40:55.127282', NULL, '2026-03-11 15:40:55.000000', NULL, 8, 223, NULL),
(145, NULL, 1, '2026-03-11 15:41:01.357250', NULL, '2026-03-11 15:41:01.000000', NULL, 8, 224, NULL),
(146, NULL, 1, '2026-03-11 15:41:09.710327', NULL, '2026-03-11 15:41:09.000000', NULL, 8, 225, NULL),
(147, NULL, 1, '2026-03-11 15:41:17.630373', NULL, '2026-03-11 15:41:17.000000', NULL, 8, 226, NULL),
(148, NULL, 1, '2026-03-11 15:41:24.316478', NULL, '2026-03-11 15:41:24.000000', NULL, 8, 227, NULL),
(149, NULL, 1, '2026-03-11 15:41:32.161200', NULL, '2026-03-11 15:41:32.000000', NULL, 8, 228, NULL),
(150, NULL, 1, '2026-03-11 15:42:09.549011', NULL, '2026-03-11 15:42:09.000000', NULL, 8, 229, NULL),
(151, NULL, 1, '2026-03-11 15:42:15.993479', NULL, '2026-03-11 15:42:16.000000', NULL, 8, 230, NULL),
(152, NULL, 1, '2026-03-11 15:42:25.019938', NULL, '2026-03-11 15:42:25.000000', NULL, 8, 231, NULL),
(153, NULL, 1, '2026-03-11 15:48:37.890545', NULL, '2026-03-11 15:48:37.000000', NULL, 8, 234, NULL),
(154, NULL, 1, '2026-03-11 16:43:25.476992', NULL, '2026-03-11 16:43:25.000000', NULL, 8, 235, NULL),
(155, NULL, 1, '2026-03-11 16:43:30.450346', NULL, '2026-03-11 16:43:30.000000', NULL, 8, 236, NULL),
(156, NULL, 1, '2026-03-11 16:43:35.592984', NULL, '2026-03-11 16:43:35.000000', NULL, 8, 237, NULL),
(157, NULL, 1, '2026-03-11 16:43:40.857791', NULL, '2026-03-11 16:43:40.000000', NULL, 8, 238, NULL),
(158, NULL, 1, '2026-03-11 16:51:56.247439', NULL, '2026-03-11 16:51:56.000000', NULL, 8, 239, NULL),
(159, NULL, 1, '2026-03-12 08:22:34.817467', NULL, '2026-03-12 08:22:34.000000', NULL, 6, 240, NULL),
(160, NULL, 1, '2026-03-12 10:08:29.845488', NULL, '2026-03-12 10:08:29.000000', NULL, 8, 241, NULL),
(161, NULL, 1, '2026-03-12 10:08:35.751263', NULL, '2026-03-12 10:08:35.000000', NULL, 8, 242, NULL),
(162, NULL, 1, '2026-03-12 10:08:45.947702', NULL, '2026-03-12 10:08:45.000000', NULL, 8, 243, NULL),
(163, NULL, 1, '2026-03-12 10:08:51.553453', NULL, '2026-03-12 10:08:51.000000', NULL, 8, 244, NULL),
(164, NULL, 1, '2026-03-12 10:23:32.080171', NULL, '2026-03-12 10:23:32.000000', NULL, 5, 245, NULL),
(165, NULL, 1, '2026-03-12 10:23:38.401377', NULL, '2026-03-12 10:23:38.000000', NULL, 5, 246, NULL),
(166, NULL, 1, '2026-03-12 10:23:43.986189', NULL, '2026-03-12 10:23:43.000000', NULL, 5, 247, NULL),
(167, NULL, 1, '2026-03-12 10:25:27.116774', NULL, '2026-03-12 10:25:27.000000', NULL, 5, 248, NULL),
(168, NULL, 1, '2026-03-12 10:25:34.279551', NULL, '2026-03-12 10:25:34.000000', NULL, 5, 249, NULL),
(169, NULL, 1, '2026-03-12 10:25:40.894218', NULL, '2026-03-12 10:25:40.000000', NULL, 5, 250, NULL),
(170, NULL, 1, '2026-03-12 10:53:57.977568', NULL, '2026-03-12 10:53:58.000000', NULL, 8, 251, NULL),
(171, NULL, 1, '2026-03-12 11:13:04.149057', NULL, '2026-03-12 11:13:04.000000', NULL, 8, 252, NULL),
(172, NULL, 1, '2026-03-12 11:13:05.010377', NULL, '2026-03-12 11:13:05.000000', NULL, 8, 252, NULL),
(173, NULL, 1, '2026-03-12 11:13:13.118923', NULL, '2026-03-12 11:13:13.000000', NULL, 8, 253, NULL),
(174, NULL, 1, '2026-03-12 11:13:20.378885', NULL, '2026-03-12 11:13:20.000000', NULL, 8, 254, NULL),
(175, NULL, 1, '2026-03-12 11:13:26.611404', NULL, '2026-03-12 11:13:26.000000', NULL, 8, 255, NULL),
(176, NULL, 1, '2026-03-12 11:13:35.283166', NULL, '2026-03-12 11:13:35.000000', NULL, 8, 256, NULL),
(177, NULL, 1, '2026-03-12 11:21:44.273532', NULL, '2026-03-12 11:21:44.000000', NULL, 8, 257, NULL),
(178, NULL, 1, '2026-03-12 11:33:32.254573', NULL, '2026-03-12 11:33:32.000000', NULL, 8, 258, NULL),
(179, NULL, 1, '2026-03-12 11:33:37.192222', NULL, '2026-03-12 11:33:37.000000', NULL, 8, 259, NULL),
(180, NULL, 1, '2026-03-12 11:33:42.446947', NULL, '2026-03-12 11:33:42.000000', NULL, 8, 260, NULL),
(181, NULL, 1, '2026-03-12 15:25:35.919874', NULL, '2026-03-12 15:25:35.000000', NULL, 6, 261, NULL),
(182, NULL, 1, '2026-03-12 15:54:42.123651', NULL, '2026-03-12 15:54:42.000000', NULL, 6, 269, NULL),
(183, NULL, 1, '2026-03-12 16:09:01.331802', NULL, '2026-03-12 16:09:01.000000', NULL, 6, 271, NULL),
(184, NULL, 1, '2026-03-12 16:09:06.364343', NULL, '2026-03-12 16:09:06.000000', NULL, 6, 272, NULL),
(185, NULL, 1, '2026-03-12 16:09:11.370172', NULL, '2026-03-12 16:09:11.000000', NULL, 6, 273, NULL),
(186, NULL, 1, '2026-03-12 16:09:20.172422', NULL, '2026-03-12 16:09:20.000000', NULL, 6, 276, NULL),
(187, NULL, 1, '2026-03-12 16:09:25.966783', NULL, '2026-03-12 16:09:25.000000', NULL, 6, 274, NULL),
(188, NULL, 1, '2026-03-12 16:09:32.403890', NULL, '2026-03-12 16:09:32.000000', NULL, 6, 275, NULL),
(189, NULL, 1, '2026-03-12 16:34:22.640651', NULL, '2026-03-12 16:34:22.000000', NULL, 8, 277, NULL),
(190, NULL, 1, '2026-03-12 16:34:27.621164', NULL, '2026-03-12 16:34:27.000000', NULL, 8, 278, NULL),
(191, NULL, 1, '2026-03-12 16:34:32.851035', NULL, '2026-03-12 16:34:32.000000', NULL, 8, 279, NULL),
(192, NULL, 1, '2026-03-12 16:34:37.795150', NULL, '2026-03-12 16:34:37.000000', NULL, 8, 280, NULL),
(193, NULL, 1, '2026-03-12 16:43:15.382036', NULL, '2026-03-12 16:43:15.000000', NULL, 8, 281, NULL),
(194, NULL, 1, '2026-03-12 16:43:20.700782', NULL, '2026-03-12 16:43:20.000000', NULL, 8, 282, NULL),
(195, NULL, 1, '2026-03-12 16:43:26.637595', NULL, '2026-03-12 16:43:26.000000', NULL, 8, 283, NULL),
(196, NULL, 1, '2026-03-12 16:43:44.374698', NULL, '2026-03-12 16:43:44.000000', NULL, 8, 284, NULL),
(197, NULL, 1, '2026-03-12 16:54:18.348765', NULL, '2026-03-12 16:54:18.000000', NULL, 5, 285, NULL),
(198, NULL, 1, '2026-03-12 16:54:24.546409', NULL, '2026-03-12 16:54:24.000000', NULL, 5, 286, NULL),
(199, NULL, 1, '2026-03-12 16:54:30.034780', NULL, '2026-03-12 16:54:30.000000', NULL, 5, 287, NULL),
(200, NULL, 1, '2026-03-12 16:54:36.432576', NULL, '2026-03-12 16:54:36.000000', NULL, 5, 288, NULL),
(201, NULL, 1, '2026-03-12 16:54:42.448061', NULL, '2026-03-12 16:54:42.000000', NULL, 5, 289, NULL),
(202, NULL, 1, '2026-03-12 16:54:48.720524', NULL, '2026-03-12 16:54:48.000000', NULL, 5, 290, NULL),
(203, NULL, 1, '2026-03-12 17:02:42.143419', NULL, '2026-03-12 17:02:42.000000', NULL, 6, 291, NULL),
(204, NULL, 1, '2026-03-12 17:06:50.517029', NULL, '2026-03-12 17:06:50.000000', NULL, 6, 294, NULL),
(205, NULL, 1, '2026-03-12 17:19:01.991403', NULL, '2026-03-12 17:19:02.000000', NULL, 8, 297, NULL),
(206, NULL, 1, '2026-03-12 17:21:53.347652', NULL, '2026-03-12 17:21:53.000000', NULL, 8, 298, NULL),
(207, NULL, 1, '2026-03-12 17:41:29.758174', NULL, '2026-03-12 17:41:29.000000', NULL, 6, 299, NULL),
(208, NULL, 1, '2026-03-12 17:41:35.246480', NULL, '2026-03-12 17:41:35.000000', NULL, 6, 300, NULL),
(209, NULL, 1, '2026-03-12 17:41:41.089319', NULL, '2026-03-12 17:41:41.000000', NULL, 6, 301, NULL),
(210, NULL, 1, '2026-03-12 17:41:47.431518', NULL, '2026-03-12 17:41:47.000000', NULL, 6, 302, NULL),
(211, NULL, 1, '2026-03-13 10:20:31.499384', NULL, '2026-03-13 10:20:31.000000', NULL, 8, 303, NULL),
(212, NULL, 1, '2026-03-13 10:20:36.646702', NULL, '2026-03-13 10:20:36.000000', NULL, 8, 304, NULL),
(213, NULL, 1, '2026-03-13 10:25:22.614732', NULL, '2026-03-13 10:25:22.000000', NULL, 8, 305, NULL),
(214, NULL, 1, '2026-03-13 10:25:28.850982', NULL, '2026-03-13 10:25:28.000000', NULL, 8, 306, NULL),
(215, NULL, 1, '2026-03-13 11:01:31.177766', NULL, '2026-03-13 11:01:31.000000', NULL, 6, 307, NULL),
(216, NULL, 1, '2026-03-13 11:01:42.298701', NULL, '2026-03-13 11:01:42.000000', NULL, 6, 308, NULL),
(217, NULL, 1, '2026-03-13 11:02:27.374802', NULL, '2026-03-13 11:02:27.000000', NULL, 6, 309, NULL),
(218, NULL, 1, '2026-03-13 11:33:49.337060', NULL, '2026-03-13 11:33:49.000000', NULL, 5, 310, NULL),
(219, NULL, 1, '2026-03-13 11:33:54.588575', NULL, '2026-03-13 11:33:54.000000', NULL, 5, 311, NULL),
(220, NULL, 1, '2026-03-13 11:46:17.690139', NULL, '2026-03-13 11:46:17.000000', NULL, 6, 312, NULL),
(221, NULL, 1, '2026-03-13 14:54:23.844516', NULL, '2026-03-13 14:54:24.000000', NULL, 6, 316, NULL),
(222, NULL, 1, '2026-03-13 14:54:30.620692', NULL, '2026-03-13 14:54:30.000000', NULL, 6, 317, NULL),
(223, NULL, 1, '2026-03-13 14:54:37.022580', NULL, '2026-03-13 14:54:37.000000', NULL, 6, 318, NULL),
(224, NULL, 1, '2026-03-13 14:54:43.459006', NULL, '2026-03-13 14:54:43.000000', NULL, 6, 319, NULL),
(225, NULL, 1, '2026-03-13 15:23:14.493982', NULL, '2026-03-13 15:23:14.000000', NULL, 6, 320, NULL),
(226, NULL, 1, '2026-03-13 15:23:22.125791', NULL, '2026-03-13 15:23:22.000000', NULL, 6, 321, NULL),
(227, NULL, 1, '2026-03-13 15:23:33.659151', NULL, '2026-03-13 15:23:33.000000', NULL, 6, 322, NULL),
(228, NULL, 1, '2026-03-13 15:23:43.291203', NULL, '2026-03-13 15:23:43.000000', NULL, 6, 323, NULL),
(229, NULL, 1, '2026-03-13 15:32:35.312583', NULL, '2026-03-13 15:32:35.000000', NULL, 5, 324, NULL),
(230, NULL, 1, '2026-03-13 15:34:51.853840', NULL, '2026-03-13 15:34:51.000000', NULL, 5, 325, NULL),
(231, NULL, 1, '2026-03-13 15:34:57.916248', NULL, '2026-03-13 15:34:58.000000', NULL, 5, 326, NULL),
(232, NULL, 1, '2026-03-13 15:45:06.813589', NULL, '2026-03-13 15:45:07.000000', NULL, 5, 329, NULL),
(233, NULL, 1, '2026-03-13 15:45:08.609610', NULL, '2026-03-13 15:45:08.000000', NULL, 5, 329, NULL),
(234, NULL, 1, '2026-03-13 15:45:16.757065', NULL, '2026-03-13 15:45:16.000000', NULL, 5, 327, NULL),
(235, NULL, 1, '2026-03-13 15:45:25.361783', NULL, '2026-03-13 15:45:25.000000', NULL, 5, 328, NULL),
(236, NULL, 1, '2026-03-13 16:47:41.425912', NULL, '2026-03-13 16:47:41.000000', NULL, 8, 331, NULL),
(237, NULL, 1, '2026-03-13 16:49:45.276149', NULL, '2026-03-13 16:49:45.000000', NULL, 8, 332, NULL),
(238, NULL, 1, '2026-03-13 16:49:52.202980', NULL, '2026-03-13 16:49:52.000000', NULL, 8, 333, NULL),
(239, NULL, 1, '2026-03-13 16:49:59.483888', NULL, '2026-03-13 16:49:59.000000', NULL, 8, 335, NULL),
(240, NULL, 1, '2026-03-13 16:50:05.977731', NULL, '2026-03-13 16:50:06.000000', NULL, 8, 334, NULL),
(241, NULL, 1, '2026-03-13 16:53:19.210726', NULL, '2026-03-13 16:53:19.000000', NULL, 6, 336, NULL),
(242, NULL, 1, '2026-03-13 16:53:29.119811', NULL, '2026-03-13 16:53:29.000000', NULL, 6, 337, NULL),
(243, NULL, 1, '2026-03-13 16:53:34.638807', NULL, '2026-03-13 16:53:34.000000', NULL, 6, 338, NULL),
(244, NULL, 1, '2026-03-13 16:53:47.642911', NULL, '2026-03-13 16:53:47.000000', NULL, 6, 339, NULL),
(245, NULL, 1, '2026-03-14 09:10:03.257361', NULL, '2026-03-14 09:10:03.000000', NULL, 8, 340, NULL),
(246, NULL, 1, '2026-03-14 09:10:08.833078', NULL, '2026-03-14 09:10:08.000000', NULL, 8, 341, NULL),
(247, NULL, 1, '2026-03-14 09:32:57.825490', NULL, '2026-03-14 09:32:57.000000', NULL, 5, 342, NULL),
(248, NULL, 1, '2026-03-14 09:33:03.762585', NULL, '2026-03-14 09:33:03.000000', NULL, 5, 343, NULL),
(249, NULL, 1, '2026-03-14 09:36:49.802686', NULL, '2026-03-14 09:36:49.000000', NULL, 5, 344, NULL),
(250, NULL, 1, '2026-03-14 09:36:57.126419', NULL, '2026-03-14 09:36:57.000000', NULL, 5, 345, NULL),
(251, NULL, 1, '2026-03-14 09:42:03.920084', NULL, '2026-03-14 09:42:03.000000', NULL, 6, 346, NULL),
(252, NULL, 1, '2026-03-14 09:55:19.293959', NULL, '2026-03-14 09:55:19.000000', NULL, 8, 347, NULL),
(253, NULL, 1, '2026-03-14 10:03:22.452147', NULL, '2026-03-14 10:03:22.000000', NULL, 5, 348, NULL),
(254, NULL, 1, '2026-03-14 10:03:28.507228', NULL, '2026-03-14 10:03:28.000000', NULL, 5, 349, NULL),
(255, NULL, 1, '2026-03-14 10:12:21.464485', NULL, '2026-03-14 10:12:21.000000', NULL, 8, 350, NULL),
(256, NULL, 1, '2026-03-14 10:12:26.251011', NULL, '2026-03-14 10:12:26.000000', NULL, 8, 351, NULL),
(257, NULL, 1, '2026-03-14 10:12:31.057670', NULL, '2026-03-14 10:12:31.000000', NULL, 8, 352, NULL),
(258, NULL, 1, '2026-03-14 15:03:26.939716', NULL, '2026-03-14 15:03:27.000000', NULL, 5, 353, NULL),
(259, NULL, 1, '2026-03-14 15:03:56.896303', NULL, '2026-03-14 15:03:56.000000', NULL, 5, 354, NULL),
(260, NULL, 1, '2026-03-14 16:04:50.982496', NULL, '2026-03-14 16:04:50.000000', NULL, 6, 355, NULL),
(261, NULL, 1, '2026-03-16 14:00:32.984621', NULL, '2026-03-16 14:00:33.000000', NULL, 8, 356, NULL),
(262, NULL, 1, '2026-03-16 14:00:38.198817', NULL, '2026-03-16 14:00:38.000000', NULL, 8, 357, NULL),
(263, NULL, 1, '2026-03-16 14:00:43.343002', NULL, '2026-03-16 14:00:43.000000', NULL, 8, 358, NULL),
(264, NULL, 1, '2026-03-16 14:01:03.403398', NULL, '2026-03-16 14:01:03.000000', NULL, 8, 359, NULL);

-- --------------------------------------------------------

--
-- Table structure for table `notification`
--

CREATE TABLE `notification` (
  `id` int(11) NOT NULL,
  `title` varchar(255) NOT NULL,
  `message` varchar(255) NOT NULL,
  `isRead` tinyint(4) NOT NULL DEFAULT 0,
  `createdAt` datetime(6) NOT NULL DEFAULT current_timestamp(6),
  `updatedAt` datetime(6) NOT NULL DEFAULT current_timestamp(6) ON UPDATE current_timestamp(6),
  `staffId` int(11) NOT NULL,
  `projectId` int(11) DEFAULT NULL
) ENGINE=InnoDB DEFAULT CHARSET=utf8mb4 COLLATE=utf8mb4_unicode_ci;

--
-- Dumping data for table `notification`
--

INSERT INTO `notification` (`id`, `title`, `message`, `isRead`, `createdAt`, `updatedAt`, `staffId`, `projectId`) VALUES
(1, 'Thông báo về nhiệm vụ mới của bạn !!!', 'Bảo trì tại công trình :Đỗ Đắc Thúy ', 0, '2026-02-28 09:37:24.497917', '2026-02-28 09:37:24.497917', 5, 3),
(2, 'Thông báo về nhiệm vụ mới của bạn !!!', 'Bảo trì tại công trình :NGUYỄN ĐÌNH LUẬN', 1, '2026-02-28 13:58:46.542556', '2026-03-03 16:33:05.000000', 6, 8),
(3, 'Thông báo về nhiệm vụ mới của bạn !!!', 'Bảo trì tại công trình :NGUYỄN ĐỨC HÙNG', 1, '2026-02-28 14:22:53.927820', '2026-03-03 16:33:01.000000', 6, 10),
(4, 'Thông báo về nhiệm vụ mới của bạn !!!', 'Bảo trì tại công trình :ĐOÀN QUYẾT THẮNG       	', 0, '2026-03-02 11:04:38.151940', '2026-03-02 11:04:38.151940', 5, 14),
(5, 'Thông báo về nhiệm vụ mới của bạn !!!', 'Bảo trì tại công trình :ĐOÀN QUYẾT THẮNG       	', 0, '2026-03-02 11:04:45.807994', '2026-03-02 11:04:45.807994', 5, 14),
(6, 'Thông báo về nhiệm vụ mới của bạn !!!', 'Bảo trì tại công trình :ĐOÀN QUYẾT THẮNG       	', 0, '2026-03-02 11:05:42.061656', '2026-03-02 11:05:42.061656', 5, 14),
(7, 'Thông báo về nhiệm vụ mới của bạn !!!', 'Bảo trì tại công trình :ĐOÀN QUYẾT THẮNG       	', 0, '2026-03-02 11:05:49.612353', '2026-03-02 11:05:49.612353', 5, 14),
(8, 'Thông báo về nhiệm vụ mới của bạn !!!', 'Bảo trì tại công trình :VŨ HUY HOÀNG                 ', 0, '2026-03-03 15:57:24.850607', '2026-03-03 15:57:24.850607', 5, 15),
(9, 'Thông báo về nhiệm vụ mới của bạn !!!', 'Bảo trì tại công trình :VŨ HUY HOÀNG                 ', 0, '2026-03-03 15:57:32.092687', '2026-03-03 15:57:32.092687', 5, 15),
(10, 'Thông báo về nhiệm vụ mới của bạn !!!', 'Bảo trì tại công trình :VŨ HUY HOÀNG                 ', 0, '2026-03-03 15:57:38.894593', '2026-03-03 15:57:38.894593', 5, 15),
(11, 'Thông báo về nhiệm vụ mới của bạn !!!', 'Bảo trì tại công trình :VŨ HUY HOÀNG                 ', 0, '2026-03-03 15:57:46.164480', '2026-03-03 15:57:46.164480', 5, 15),
(12, 'Thông báo về nhiệm vụ mới của bạn !!!', 'Bảo trì tại công trình :ĐẶNG THỊ VIỆN', 0, '2026-03-05 16:03:31.855636', '2026-03-05 16:03:31.855636', 6, 16),
(13, 'Thông báo về nhiệm vụ mới của bạn !!!', 'Bảo trì tại công trình :ĐẶNG THỊ VIỆN', 0, '2026-03-05 16:03:38.780406', '2026-03-05 16:03:38.780406', 6, 16),
(14, 'Thông báo về nhiệm vụ mới của bạn !!!', 'Bảo trì tại công trình :ĐẶNG THỊ VIỆN', 0, '2026-03-05 16:03:47.589874', '2026-03-05 16:03:47.589874', 6, 16),
(15, 'Thông báo về nhiệm vụ mới của bạn !!!', 'Bảo trì tại công trình :HÀ THỊ THANH HUYỀN', 0, '2026-03-05 16:24:31.783288', '2026-03-05 16:24:31.783288', 5, 17),
(16, 'Thông báo về nhiệm vụ mới của bạn !!!', 'Bảo trì tại công trình :HÀ THỊ THANH HUYỀN', 0, '2026-03-05 16:24:38.545925', '2026-03-05 16:24:38.545925', 5, 17),
(17, 'Thông báo về nhiệm vụ mới của bạn !!!', 'Bảo trì tại công trình :HÀ THỊ THANH HUYỀN', 0, '2026-03-05 16:24:45.506591', '2026-03-05 16:24:45.506591', 5, 17),
(18, 'Thông báo về nhiệm vụ mới của bạn !!!', 'Bảo trì tại công trình :HÀ THỊ THANH HUYỀN', 0, '2026-03-05 16:24:51.877640', '2026-03-05 16:24:51.877640', 5, 17),
(19, 'Thông báo về nhiệm vụ mới của bạn !!!', 'Bảo trì tại công trình :HÀ THỊ THANH HUYỀN', 0, '2026-03-05 16:24:59.664988', '2026-03-05 16:24:59.664988', 5, 17),
(20, 'Thông báo về nhiệm vụ mới của bạn !!!', 'Bảo trì tại công trình :HÀ THỊ THANH HUYỀN', 0, '2026-03-05 16:25:06.387489', '2026-03-05 16:25:06.387489', 5, 17),
(21, 'Thông báo về nhiệm vụ mới của bạn !!!', 'Bảo trì tại công trình :HÀ THỊ THANH HUYỀN', 0, '2026-03-05 16:25:13.444689', '2026-03-05 16:25:13.444689', 5, 17),
(22, 'Thông báo về nhiệm vụ mới của bạn !!!', 'Bảo trì tại công trình :HÀ THỊ THANH HUYỀN', 0, '2026-03-05 16:25:22.454142', '2026-03-05 16:25:22.454142', 5, 17),
(23, 'Thông báo về nhiệm vụ mới của bạn !!!', 'Bảo trì tại công trình :HÀ THỊ THANH HUYỀN', 0, '2026-03-05 16:25:29.415869', '2026-03-05 16:25:29.415869', 5, 17),
(24, 'Thông báo về nhiệm vụ mới của bạn !!!', 'Bảo trì tại công trình :HÀ THỊ THANH HUYỀN', 0, '2026-03-05 16:25:36.479731', '2026-03-05 16:25:36.479731', 5, 17),
(25, 'Thông báo về nhiệm vụ mới của bạn !!!', 'Bảo trì tại công trình :TRẦN QUANG HÀO', 0, '2026-03-05 16:45:34.002190', '2026-03-05 16:45:34.002190', 8, 18),
(26, 'Thông báo về nhiệm vụ mới của bạn !!!', 'Bảo trì tại công trình :TRẦN QUANG HÀO', 0, '2026-03-05 16:45:39.133548', '2026-03-05 16:45:39.133548', 8, 18),
(27, 'Thông báo về nhiệm vụ mới của bạn !!!', 'Bảo trì tại công trình :TRẦN QUANG HÀO', 0, '2026-03-05 16:45:45.420283', '2026-03-05 16:45:45.420283', 8, 18),
(28, 'Thông báo về nhiệm vụ mới của bạn !!!', 'Bảo trì tại công trình :TRẦN QUANG HÀO', 0, '2026-03-05 16:45:51.493936', '2026-03-05 16:45:51.493936', 8, 18),
(29, 'Thông báo về nhiệm vụ mới của bạn !!!', 'Bảo trì tại công trình :xỔ SỐ CẨM PHẢ', 0, '2026-03-05 16:54:43.225378', '2026-03-05 16:54:43.225378', 8, 19),
(30, 'Thông báo về nhiệm vụ mới của bạn !!!', 'Bảo trì tại công trình :xỔ SỐ CẨM PHẢ', 0, '2026-03-05 16:54:48.754093', '2026-03-05 16:54:48.754093', 8, 19),
(31, 'Thông báo về nhiệm vụ mới của bạn !!!', 'Bảo trì tại công trình :xỔ SỐ CẨM PHẢ', 0, '2026-03-05 16:54:55.544306', '2026-03-05 16:54:55.544306', 8, 19),
(32, 'Thông báo về nhiệm vụ mới của bạn !!!', 'Bảo trì tại công trình :xỔ SỐ CẨM PHẢ', 0, '2026-03-05 16:55:07.649634', '2026-03-05 16:55:07.649634', 8, 19),
(33, 'Thông báo về nhiệm vụ mới của bạn !!!', 'Bảo trì tại công trình :xỔ SỐ CẨM PHẢ', 0, '2026-03-05 16:55:14.592638', '2026-03-05 16:55:14.592638', 8, 19),
(34, 'Thông báo về nhiệm vụ mới của bạn !!!', 'Bảo trì tại công trình :xỔ SỐ CẨM PHẢ', 0, '2026-03-05 16:55:20.742060', '2026-03-05 16:55:20.742060', 8, 19),
(35, 'Thông báo về nhiệm vụ mới của bạn !!!', 'Bảo trì tại công trình :xỔ SỐ CẨM PHẢ', 0, '2026-03-05 16:55:29.669770', '2026-03-05 16:55:29.669770', 8, 19),
(36, 'Thông báo về nhiệm vụ mới của bạn !!!', 'Bảo trì tại công trình :xỔ SỐ CẨM PHẢ', 0, '2026-03-05 16:55:45.398757', '2026-03-05 16:55:45.398757', 8, 19),
(37, 'Thông báo về nhiệm vụ mới của bạn !!!', 'Bảo trì tại công trình :xỔ SỐ CẨM PHẢ', 0, '2026-03-05 16:55:53.518388', '2026-03-05 16:55:53.518388', 8, 19),
(38, 'Thông báo về nhiệm vụ mới của bạn !!!', 'Bảo trì tại công trình :xỔ SỐ CẨM PHẢ', 0, '2026-03-05 16:56:00.532821', '2026-03-05 16:56:00.532821', 8, 19),
(39, 'Thông báo về nhiệm vụ mới của bạn !!!', 'Bảo trì tại công trình :xỔ SỐ CẨM PHẢ', 0, '2026-03-05 16:56:07.891385', '2026-03-05 16:56:07.891385', 8, 19),
(40, 'Thông báo về nhiệm vụ mới của bạn !!!', 'Bảo trì tại công trình :xỔ SỐ CẨM PHẢ', 0, '2026-03-05 16:56:14.624119', '2026-03-05 16:56:14.624119', 8, 19),
(41, 'Thông báo về nhiệm vụ mới của bạn !!!', 'Bảo trì tại công trình :HUỲNH HỮU NAM', 0, '2026-03-06 15:10:23.137643', '2026-03-06 15:10:23.137643', 8, 20),
(42, 'Thông báo về nhiệm vụ mới của bạn !!!', 'Bảo trì tại công trình :HUỲNH HỮU NAM', 0, '2026-03-06 15:10:28.956905', '2026-03-06 15:10:28.956905', 8, 20),
(43, 'Thông báo về nhiệm vụ mới của bạn !!!', 'Bảo trì tại công trình :HUỲNH HỮU NAM', 0, '2026-03-06 15:10:35.624823', '2026-03-06 15:10:35.624823', 8, 20),
(44, 'Thông báo về nhiệm vụ mới của bạn !!!', 'Bảo trì tại công trình :HUỲNH HỮU NAM', 0, '2026-03-06 15:10:41.912490', '2026-03-06 15:10:41.912490', 8, 20),
(45, 'Thông báo về nhiệm vụ mới của bạn !!!', 'Bảo trì tại công trình :HUỲNH HỮU NAM', 0, '2026-03-06 15:12:10.254351', '2026-03-06 15:12:10.254351', 8, 20),
(46, 'Thông báo về nhiệm vụ mới của bạn !!!', 'Bảo trì tại công trình :HUỲNH HỮU NAM', 0, '2026-03-06 15:12:18.328232', '2026-03-06 15:12:18.328232', 8, 20),
(47, 'Thông báo về nhiệm vụ mới của bạn !!!', 'Bảo trì tại công trình :HUỲNH HỮU NAM', 0, '2026-03-06 15:12:25.308796', '2026-03-06 15:12:25.308796', 8, 20),
(48, 'Thông báo về nhiệm vụ mới của bạn !!!', 'Bảo trì tại công trình :HUỲNH HỮU NAM', 0, '2026-03-06 15:12:32.770797', '2026-03-06 15:12:32.770797', 8, 20),
(49, 'Thông báo về nhiệm vụ mới của bạn !!!', 'Bảo trì tại công trình :HUỲNH HỮU NAM', 0, '2026-03-06 15:12:51.350354', '2026-03-06 15:12:51.350354', 8, 20),
(50, 'Thông báo về nhiệm vụ mới của bạn !!!', 'Bảo trì tại công trình :HUỲNH HỮU NAM', 0, '2026-03-06 15:12:58.464011', '2026-03-06 15:12:58.464011', 8, 20),
(51, 'Thông báo về nhiệm vụ mới của bạn !!!', 'Bảo trì tại công trình :ĐOÀN THỊ THANH', 0, '2026-03-06 15:49:44.667701', '2026-03-06 15:49:44.667701', 8, 21),
(52, 'Thông báo về nhiệm vụ mới của bạn !!!', 'Bảo trì tại công trình :ĐOÀN THỊ THANH', 0, '2026-03-06 15:49:50.228487', '2026-03-06 15:49:50.228487', 8, 21),
(53, 'Thông báo về nhiệm vụ mới của bạn !!!', 'Bảo trì tại công trình :ĐOÀN THỊ THANH', 0, '2026-03-06 15:51:12.382498', '2026-03-06 15:51:12.382498', 8, 21),
(54, 'Thông báo về nhiệm vụ mới của bạn !!!', 'Bảo trì tại công trình :ĐOÀN THỊ THANH', 0, '2026-03-06 15:51:19.508918', '2026-03-06 15:51:19.508918', 8, 21),
(55, 'Thông báo về nhiệm vụ mới của bạn !!!', 'Bảo trì tại công trình :PHẠM THỊ HOÀN', 0, '2026-03-06 16:01:25.478378', '2026-03-06 16:01:25.478378', 6, 22),
(56, 'Thông báo về nhiệm vụ mới của bạn !!!', 'Bảo trì tại công trình :KHÁCH SẠN VÂN LONG', 0, '2026-03-06 16:24:46.987583', '2026-03-06 16:24:46.987583', 8, 23),
(57, 'Thông báo về nhiệm vụ mới của bạn !!!', 'Bảo trì tại công trình :KHÁCH SẠN VÂN LONG', 0, '2026-03-06 16:24:53.078132', '2026-03-06 16:24:53.078132', 8, 23),
(58, 'Thông báo về nhiệm vụ mới của bạn !!!', 'Bảo trì tại công trình :KHÁCH SẠN VÂN LONG', 0, '2026-03-06 16:25:01.063530', '2026-03-06 16:25:01.063530', 8, 23),
(59, 'Thông báo về nhiệm vụ mới của bạn !!!', 'Bảo trì tại công trình :KHÁCH SẠN VÂN LONG', 0, '2026-03-06 16:25:07.820967', '2026-03-06 16:25:07.820967', 8, 23),
(60, 'Thông báo về nhiệm vụ mới của bạn !!!', 'Bảo trì tại công trình :KHÁCH SẠN VÂN LONG', 0, '2026-03-06 16:25:15.032080', '2026-03-06 16:25:15.032080', 8, 23),
(61, 'Thông báo về nhiệm vụ mới của bạn !!!', 'Bảo trì tại công trình :KHÁCH SẠN VÂN LONG', 0, '2026-03-06 16:25:53.292817', '2026-03-06 16:25:53.292817', 8, 23),
(62, 'Thông báo về nhiệm vụ mới của bạn !!!', 'Bảo trì tại công trình :KHÁCH SẠN VÂN LONG', 0, '2026-03-06 16:25:59.892736', '2026-03-06 16:25:59.892736', 8, 23),
(63, 'Thông báo về nhiệm vụ mới của bạn !!!', 'Bảo trì tại công trình :KHÁCH SẠN VÂN LONG', 0, '2026-03-06 16:26:07.840449', '2026-03-06 16:26:07.840449', 8, 23),
(64, 'Thông báo về nhiệm vụ mới của bạn !!!', 'Bảo trì tại công trình :KHÁCH SẠN VÂN LONG', 0, '2026-03-06 16:26:14.825261', '2026-03-06 16:26:14.825261', 8, 23),
(65, 'Thông báo về nhiệm vụ mới của bạn !!!', 'Bảo trì tại công trình :KHÁCH SẠN VÂN LONG', 0, '2026-03-06 16:26:22.790027', '2026-03-06 16:26:22.790027', 8, 23),
(66, 'Thông báo về nhiệm vụ mới của bạn !!!', 'Bảo trì tại công trình :LÊ SỸ HUỲNH', 0, '2026-03-07 10:49:51.860276', '2026-03-07 10:49:51.860276', 8, 26),
(67, 'Thông báo về nhiệm vụ mới của bạn !!!', 'Bảo trì tại công trình :LÊ SỸ HUỲNH', 0, '2026-03-07 10:51:29.953592', '2026-03-07 10:51:29.953592', 8, 26),
(68, 'Thông báo về nhiệm vụ mới của bạn !!!', 'Bảo trì tại công trình :LÊ SỸ HUỲNH', 0, '2026-03-07 10:51:36.607484', '2026-03-07 10:51:36.607484', 8, 26),
(69, 'Thông báo về nhiệm vụ mới của bạn !!!', 'Bảo trì tại công trình :LÊ SỸ HUỲNH', 0, '2026-03-07 10:52:02.318075', '2026-03-07 10:52:02.318075', 8, 26),
(70, 'Thông báo về nhiệm vụ mới của bạn !!!', 'Bảo trì tại công trình :LÊ SỸ HUỲNH', 0, '2026-03-07 10:52:09.039730', '2026-03-07 10:52:09.039730', 8, 26),
(71, 'Thông báo về nhiệm vụ mới của bạn !!!', 'Bảo trì tại công trình :LÊ SỸ HUỲNH', 0, '2026-03-07 10:52:47.954273', '2026-03-07 10:52:47.954273', 8, 26),
(72, 'Thông báo về nhiệm vụ mới của bạn !!!', 'Bảo trì tại công trình :PHẠM THỊ THANH', 0, '2026-03-07 11:13:53.915031', '2026-03-07 11:13:53.915031', 8, 27),
(73, 'Thông báo về nhiệm vụ mới của bạn !!!', 'Bảo trì tại công trình :PHẠM THỊ THANH', 0, '2026-03-07 11:13:58.757065', '2026-03-07 11:13:58.757065', 8, 27),
(74, 'Thông báo về nhiệm vụ mới của bạn !!!', 'Bảo trì tại công trình :PHẠM THỊ THANH', 0, '2026-03-07 11:15:05.919013', '2026-03-07 11:15:05.919013', 8, 27),
(75, 'Thông báo về nhiệm vụ mới của bạn !!!', 'Bảo trì tại công trình :PHẠM THỊ THANH', 0, '2026-03-07 11:15:11.449902', '2026-03-07 11:15:11.449902', 8, 27),
(76, 'Thông báo về nhiệm vụ mới của bạn !!!', 'Bảo trì tại công trình :PHAN THANH NGÂN', 0, '2026-03-07 11:29:29.582229', '2026-03-07 11:29:29.582229', 6, 28),
(77, 'Thông báo về nhiệm vụ mới của bạn !!!', 'Bảo trì tại công trình :PHAN THANH NGÂN', 0, '2026-03-07 11:29:35.390810', '2026-03-07 11:29:35.390810', 6, 28),
(78, 'Thông báo về nhiệm vụ mới của bạn !!!', 'Bảo trì tại công trình :PHAN THANH NGÂN', 0, '2026-03-07 11:29:41.086153', '2026-03-07 11:29:41.086153', 6, 28),
(79, 'Thông báo về nhiệm vụ mới của bạn !!!', 'Bảo trì tại công trình :CÔNG TY TNHH ĐẦU TƯ VÀ PHÁT TRIỂN  HOA ĐẠI VIỆT', 0, '2026-03-07 14:52:59.639348', '2026-03-07 14:52:59.639348', 6, 29),
(80, 'Thông báo về nhiệm vụ mới của bạn !!!', 'Bảo trì tại công trình :CÔNG TY TNHH ĐẦU TƯ VÀ PHÁT TRIỂN  HOA ĐẠI VIỆT', 0, '2026-03-07 14:53:05.797565', '2026-03-07 14:53:05.797565', 6, 29),
(81, 'Thông báo về nhiệm vụ mới của bạn !!!', 'Bảo trì tại công trình :CÔNG TY TNHH ĐẦU TƯ VÀ PHÁT TRIỂN  HOA ĐẠI VIỆT', 0, '2026-03-07 14:53:13.022657', '2026-03-07 14:53:13.022657', 6, 29),
(82, 'Thông báo về nhiệm vụ mới của bạn !!!', 'Bảo trì tại công trình :NGUYỄN TRỌNG CHUNG', 0, '2026-03-07 15:48:16.434420', '2026-03-07 15:48:16.434420', 5, 30),
(83, 'Thông báo về nhiệm vụ mới của bạn !!!', 'Bảo trì tại công trình :NGUYỄN TRỌNG CHUNG', 0, '2026-03-07 15:48:29.317212', '2026-03-07 15:48:29.317212', 5, 30),
(84, 'Thông báo về nhiệm vụ mới của bạn !!!', 'Bảo trì tại công trình :NGUYỄN TRỌNG CHUNG', 0, '2026-03-07 15:54:03.087145', '2026-03-07 15:54:03.087145', 5, 30),
(85, 'Thông báo về nhiệm vụ mới của bạn !!!', 'Bảo trì tại công trình :NGUYỄN TRỌNG CHUNG', 0, '2026-03-07 15:54:20.582367', '2026-03-07 15:54:20.582367', 5, 30),
(86, 'Thông báo về nhiệm vụ mới của bạn !!!', 'Bảo trì tại công trình :NGUYỄN TRỌNG CHUNG', 0, '2026-03-07 15:54:27.871214', '2026-03-07 15:54:27.871214', 5, 30),
(87, 'Thông báo về nhiệm vụ mới của bạn !!!', 'Bảo trì tại công trình :NGUYỄN TRỌNG CHUNG', 0, '2026-03-07 15:54:34.382743', '2026-03-07 15:54:34.382743', 5, 30),
(88, 'Thông báo về nhiệm vụ mới của bạn !!!', 'Bảo trì tại công trình :NGUYỄN THỊ LAN ANH', 0, '2026-03-09 10:08:18.562951', '2026-03-09 10:08:18.562951', 8, 32),
(89, 'Thông báo về nhiệm vụ mới của bạn !!!', 'Bảo trì tại công trình :NGUYỄN THỊ LAN ANH', 0, '2026-03-09 10:08:23.882505', '2026-03-09 10:08:23.882505', 8, 32),
(90, 'Thông báo về nhiệm vụ mới của bạn !!!', 'Bảo trì tại công trình :NGUYỄN THỊ LAN ANH', 0, '2026-03-09 10:08:29.961870', '2026-03-09 10:08:29.961870', 8, 32),
(91, 'Thông báo về nhiệm vụ mới của bạn !!!', 'Bảo trì tại công trình :NGUYỄN THỊ LAN ANH', 0, '2026-03-09 10:13:28.916147', '2026-03-09 10:13:28.916147', 8, 32),
(92, 'Thông báo về nhiệm vụ mới của bạn !!!', 'Bảo trì tại công trình : TẠ VIẾT PHONG', 0, '2026-03-09 10:13:41.854646', '2026-03-09 10:13:41.854646', 8, 31),
(93, 'Thông báo về nhiệm vụ mới của bạn !!!', 'Bảo trì tại công trình : TẠ VIẾT PHONG', 0, '2026-03-09 10:13:47.377167', '2026-03-09 10:13:47.377167', 8, 31),
(94, 'Thông báo về nhiệm vụ mới của bạn !!!', 'Bảo trì tại công trình : TẠ VIẾT PHONG', 0, '2026-03-09 10:13:54.600746', '2026-03-09 10:13:54.600746', 8, 31),
(95, 'Thông báo về nhiệm vụ mới của bạn !!!', 'Bảo trì tại công trình : TẠ VIẾT PHONG', 0, '2026-03-09 10:13:59.986278', '2026-03-09 10:13:59.986278', 8, 31),
(96, 'Thông báo về nhiệm vụ mới của bạn !!!', 'Bảo trì tại công trình :NGUYỄN THỊ HUỆ', 0, '2026-03-09 10:24:36.345095', '2026-03-09 10:24:36.345095', 8, 33),
(97, 'Thông báo về nhiệm vụ mới của bạn !!!', 'Bảo trì tại công trình :NGUYỄN THỊ HUỆ', 0, '2026-03-09 10:24:43.092425', '2026-03-09 10:24:43.092425', 8, 33),
(98, 'Thông báo về nhiệm vụ mới của bạn !!!', 'Bảo trì tại công trình :NGUYỄN THỊ HUỆ', 0, '2026-03-09 10:24:50.155595', '2026-03-09 10:24:50.155595', 8, 33),
(99, 'Thông báo về nhiệm vụ mới của bạn !!!', 'Bảo trì tại công trình :NGUYỄN THỊ HUỆ', 0, '2026-03-09 10:24:59.251770', '2026-03-09 10:24:59.251770', 8, 33),
(100, 'Thông báo về nhiệm vụ mới của bạn !!!', 'Bảo trì tại công trình :NGUYỄN VĂN THANH', 0, '2026-03-09 10:49:05.537578', '2026-03-09 10:49:05.537578', 8, 35),
(101, 'Thông báo về nhiệm vụ mới của bạn !!!', 'Bảo trì tại công trình :NGUYỄN VĂN THANH', 0, '2026-03-09 10:49:10.520907', '2026-03-09 10:49:10.520907', 8, 35),
(102, 'Thông báo về nhiệm vụ mới của bạn !!!', 'Bảo trì tại công trình :NGUYỄN VĂN LONG', 0, '2026-03-10 09:56:33.600978', '2026-03-10 09:56:33.600978', 8, 38),
(103, 'Thông báo về nhiệm vụ mới của bạn !!!', 'Bảo trì tại công trình :NGUYỄN VĂN LONG', 0, '2026-03-10 09:56:38.745645', '2026-03-10 09:56:38.745645', 8, 38),
(104, 'Thông báo về nhiệm vụ mới của bạn !!!', 'Bảo trì tại công trình :NGUYỄN VĂN LONG', 0, '2026-03-10 09:56:44.691497', '2026-03-10 09:56:44.691497', 8, 38),
(105, 'Thông báo về nhiệm vụ mới của bạn !!!', 'Bảo trì tại công trình :NGUYỄN VĂN LONG', 0, '2026-03-10 09:59:37.517497', '2026-03-10 09:59:37.517497', 8, 38),
(106, 'Thông báo về nhiệm vụ mới của bạn !!!', 'Bảo trì tại công trình :NGUYỄN VĂN LONG', 0, '2026-03-10 09:59:43.509757', '2026-03-10 09:59:43.509757', 8, 38),
(107, 'Thông báo về nhiệm vụ mới của bạn !!!', 'Bảo trì tại công trình :NGUYỄN VĂN LONG', 0, '2026-03-10 09:59:50.590561', '2026-03-10 09:59:50.590561', 8, 38),
(108, 'Thông báo về nhiệm vụ mới của bạn !!!', 'Bảo trì tại công trình :NGUYỄN THỊ MINH ANH', 0, '2026-03-10 10:05:38.802315', '2026-03-10 10:05:38.802315', 8, 39),
(109, 'Thông báo về nhiệm vụ mới của bạn !!!', 'Bảo trì tại công trình :NGUYỄN THỊ MINH ANH', 0, '2026-03-10 10:05:44.284630', '2026-03-10 10:05:44.284630', 8, 39),
(110, 'Thông báo về nhiệm vụ mới của bạn !!!', 'Bảo trì tại công trình :NGUYỄN THỊ MINH ANH', 0, '2026-03-10 10:05:49.266066', '2026-03-10 10:05:49.266066', 8, 39),
(111, 'Thông báo về nhiệm vụ mới của bạn !!!', 'Bảo trì tại công trình :NGUYỄN THỊ MINH ANH', 0, '2026-03-10 10:05:55.549840', '2026-03-10 10:05:55.549840', 8, 39),
(112, 'Thông báo về nhiệm vụ mới của bạn !!!', 'Bảo trì tại công trình :NGUYỄN THỊ MINH ANH', 0, '2026-03-10 10:06:01.811391', '2026-03-10 10:06:01.811391', 8, 39),
(113, 'Thông báo về nhiệm vụ mới của bạn !!!', 'Bảo trì tại công trình :ĐẶNG ANH TUẤN', 0, '2026-03-10 10:23:34.303002', '2026-03-10 10:23:34.303002', 5, 40),
(114, 'Thông báo về nhiệm vụ mới của bạn !!!', 'Bảo trì tại công trình :ĐẶNG ANH TUẤN', 0, '2026-03-10 10:23:40.590142', '2026-03-10 10:23:40.590142', 5, 40),
(115, 'Thông báo về nhiệm vụ mới của bạn !!!', 'Bảo trì tại công trình :ĐẶNG ANH TUẤN', 0, '2026-03-10 10:24:29.418119', '2026-03-10 10:24:29.418119', 5, 40),
(116, 'Thông báo về nhiệm vụ mới của bạn !!!', 'Bảo trì tại công trình :ĐẶNG ANH TUẤN', 0, '2026-03-10 10:24:35.091491', '2026-03-10 10:24:35.091491', 5, 40),
(117, 'Thông báo về nhiệm vụ mới của bạn !!!', 'Bảo trì tại công trình :ĐẶNG ANH TUẤN', 0, '2026-03-10 10:24:41.022027', '2026-03-10 10:24:41.022027', 5, 40),
(118, 'Thông báo về nhiệm vụ mới của bạn !!!', 'Bảo trì tại công trình :ĐẶNG ANH TUẤN', 0, '2026-03-10 10:24:47.503594', '2026-03-10 10:24:47.503594', 5, 40),
(119, 'Thông báo về nhiệm vụ mới của bạn !!!', 'Bảo trì tại công trình :VŨ HUY HOÀNG', 0, '2026-03-10 11:15:52.828780', '2026-03-10 11:15:52.828780', 5, 41),
(120, 'Thông báo về nhiệm vụ mới của bạn !!!', 'Bảo trì tại công trình :VŨ HUY HOÀNG', 0, '2026-03-10 11:15:57.936463', '2026-03-10 11:15:57.936463', 5, 41),
(121, 'Thông báo về nhiệm vụ mới của bạn !!!', 'Bảo trì tại công trình :VŨ HUY HOÀNG', 0, '2026-03-10 11:16:05.060032', '2026-03-10 11:16:05.060032', 5, 41),
(122, 'Thông báo về nhiệm vụ mới của bạn !!!', 'Bảo trì tại công trình :VŨ HUY HOÀNG', 0, '2026-03-10 11:21:38.731634', '2026-03-10 11:21:38.731634', 5, 41),
(123, 'Thông báo về nhiệm vụ mới của bạn !!!', 'Bảo trì tại công trình :HOÀNG THỊ HƯƠNG', 0, '2026-03-11 10:15:25.510221', '2026-03-11 10:15:25.510221', 8, 12),
(124, 'Thông báo về nhiệm vụ mới của bạn !!!', 'Bảo trì tại công trình :HOÀNG THỊ HƯƠNG', 0, '2026-03-11 10:15:34.075784', '2026-03-11 10:15:34.075784', 8, 12),
(125, 'Thông báo về nhiệm vụ mới của bạn !!!', 'Bảo trì tại công trình :HOÀNG THỊ HƯƠNG', 0, '2026-03-11 10:15:39.682614', '2026-03-11 10:15:39.682614', 8, 12),
(126, 'Thông báo về nhiệm vụ mới của bạn !!!', 'Bảo trì tại công trình :HOÀNG THỊ HƯƠNG', 0, '2026-03-11 10:15:46.278519', '2026-03-11 10:15:46.278519', 8, 12),
(127, 'Thông báo về nhiệm vụ mới của bạn !!!', 'Bảo trì tại công trình :Đỗ Đắc Thúy ', 0, '2026-03-11 10:19:10.113807', '2026-03-11 10:19:10.113807', 5, 3),
(128, 'Thông báo về nhiệm vụ mới của bạn !!!', 'Bảo trì tại công trình :Đỗ Đắc Thúy ', 0, '2026-03-11 10:19:17.313930', '2026-03-11 10:19:17.313930', 5, 3),
(129, 'Thông báo về nhiệm vụ mới của bạn !!!', 'Bảo trì tại công trình :Đỗ Đắc Thúy ', 0, '2026-03-11 10:19:22.922868', '2026-03-11 10:19:22.922868', 5, 3),
(130, 'Thông báo về nhiệm vụ mới của bạn !!!', 'Bảo trì tại công trình : Nguyễn Hữu Trung', 0, '2026-03-11 15:04:17.426992', '2026-03-11 15:04:17.426992', 6, 42),
(131, 'Thông báo về nhiệm vụ mới của bạn !!!', 'Bảo trì tại công trình : Nguyễn Hữu Trung', 0, '2026-03-11 15:04:23.098878', '2026-03-11 15:04:23.098878', 6, 42),
(132, 'Thông báo về nhiệm vụ mới của bạn !!!', 'Bảo trì tại công trình : Nguyễn Hữu Trung', 0, '2026-03-11 15:04:29.217189', '2026-03-11 15:04:29.217189', 6, 42),
(133, 'Thông báo về nhiệm vụ mới của bạn !!!', 'Bảo trì tại công trình : Nguyễn Hữu Trung', 0, '2026-03-11 15:06:46.098029', '2026-03-11 15:06:46.098029', 6, 42),
(134, 'Thông báo về nhiệm vụ mới của bạn !!!', 'Bảo trì tại công trình : Nguyễn Hữu Trung', 0, '2026-03-11 15:06:52.759677', '2026-03-11 15:06:52.759677', 6, 42),
(135, 'Thông báo về nhiệm vụ mới của bạn !!!', 'Bảo trì tại công trình : Nguyễn Hữu Trung', 0, '2026-03-11 15:06:59.296453', '2026-03-11 15:06:59.296453', 6, 42),
(136, 'Thông báo về nhiệm vụ mới của bạn !!!', 'Bảo trì tại công trình :Trần Viết Dũng ', 0, '2026-03-11 15:19:20.571106', '2026-03-11 15:19:20.571106', 8, 44),
(137, 'Thông báo về nhiệm vụ mới của bạn !!!', 'Bảo trì tại công trình :Trần Viết Dũng ', 0, '2026-03-11 15:19:26.751603', '2026-03-11 15:19:26.751603', 8, 44),
(138, 'Thông báo về nhiệm vụ mới của bạn !!!', 'Bảo trì tại công trình :Trần Viết Dũng ', 0, '2026-03-11 15:19:31.838036', '2026-03-11 15:19:31.838036', 8, 44),
(139, 'Thông báo về nhiệm vụ mới của bạn !!!', 'Bảo trì tại công trình :Trần Viết Dũng ', 0, '2026-03-11 15:20:07.872386', '2026-03-11 15:20:07.872386', 8, 44),
(140, 'Thông báo về nhiệm vụ mới của bạn !!!', 'Bảo trì tại công trình :Trần Viết Dũng ', 0, '2026-03-11 15:20:16.023393', '2026-03-11 15:20:16.023393', 8, 44),
(141, 'Thông báo về nhiệm vụ mới của bạn !!!', 'Bảo trì tại công trình :Trần Viết Dũng ', 0, '2026-03-11 15:20:16.226091', '2026-03-11 15:20:16.226091', 8, 44),
(142, 'Thông báo về nhiệm vụ mới của bạn !!!', 'Bảo trì tại công trình :Trần Viết Dũng ', 0, '2026-03-11 15:20:23.377044', '2026-03-11 15:20:23.377044', 8, 44),
(143, 'Thông báo về nhiệm vụ mới của bạn !!!', 'Bảo trì tại công trình :Trường STEAM', 0, '2026-03-11 15:40:49.620518', '2026-03-11 15:40:49.620518', 8, 45),
(144, 'Thông báo về nhiệm vụ mới của bạn !!!', 'Bảo trì tại công trình :Trường STEAM', 0, '2026-03-11 15:40:55.165324', '2026-03-11 15:40:55.165324', 8, 45),
(145, 'Thông báo về nhiệm vụ mới của bạn !!!', 'Bảo trì tại công trình :Trường STEAM', 0, '2026-03-11 15:41:01.386944', '2026-03-11 15:41:01.386944', 8, 45),
(146, 'Thông báo về nhiệm vụ mới của bạn !!!', 'Bảo trì tại công trình :Trường STEAM', 0, '2026-03-11 15:41:09.734562', '2026-03-11 15:41:09.734562', 8, 45),
(147, 'Thông báo về nhiệm vụ mới của bạn !!!', 'Bảo trì tại công trình :Trường STEAM', 0, '2026-03-11 15:41:17.674140', '2026-03-11 15:41:17.674140', 8, 45),
(148, 'Thông báo về nhiệm vụ mới của bạn !!!', 'Bảo trì tại công trình :Trường STEAM', 0, '2026-03-11 15:41:24.348073', '2026-03-11 15:41:24.348073', 8, 45),
(149, 'Thông báo về nhiệm vụ mới của bạn !!!', 'Bảo trì tại công trình :Trường STEAM', 0, '2026-03-11 15:41:32.194397', '2026-03-11 15:41:32.194397', 8, 45),
(150, 'Thông báo về nhiệm vụ mới của bạn !!!', 'Bảo trì tại công trình :Trường STEAM', 0, '2026-03-11 15:42:09.587006', '2026-03-11 15:42:09.587006', 8, 45),
(151, 'Thông báo về nhiệm vụ mới của bạn !!!', 'Bảo trì tại công trình :Trường STEAM', 0, '2026-03-11 15:42:16.050891', '2026-03-11 15:42:16.050891', 8, 45),
(152, 'Thông báo về nhiệm vụ mới của bạn !!!', 'Bảo trì tại công trình :Trường STEAM', 0, '2026-03-11 15:42:25.052519', '2026-03-11 15:42:25.052519', 8, 45),
(153, 'Thông báo về nhiệm vụ mới của bạn !!!', 'Bảo trì tại công trình :Trung Tâm Sự Kiện Grand View Palace', 0, '2026-03-11 15:48:37.926959', '2026-03-11 15:48:37.926959', 8, 46),
(154, 'Thông báo về nhiệm vụ mới của bạn !!!', 'Bảo trì tại công trình :NGUYỄN TIẾN DUẬT', 0, '2026-03-11 16:43:25.510331', '2026-03-11 16:43:25.510331', 8, 48),
(155, 'Thông báo về nhiệm vụ mới của bạn !!!', 'Bảo trì tại công trình :NGUYỄN TIẾN DUẬT', 0, '2026-03-11 16:43:30.496925', '2026-03-11 16:43:30.496925', 8, 48),
(156, 'Thông báo về nhiệm vụ mới của bạn !!!', 'Bảo trì tại công trình :NGUYỄN TIẾN DUẬT', 0, '2026-03-11 16:43:35.631537', '2026-03-11 16:43:35.631537', 8, 48),
(157, 'Thông báo về nhiệm vụ mới của bạn !!!', 'Bảo trì tại công trình :NGUYỄN TIẾN DUẬT', 0, '2026-03-11 16:43:40.897873', '2026-03-11 16:43:40.897873', 8, 48),
(158, 'Thông báo về nhiệm vụ mới của bạn !!!', 'Bảo trì tại công trình :TRỊNH VĂN THANH', 0, '2026-03-11 16:51:56.291788', '2026-03-11 16:51:56.291788', 8, 49),
(159, 'Thông báo về nhiệm vụ mới của bạn !!!', 'Bảo trì tại công trình :ĐOÀN THỊ KIM LIÊN', 0, '2026-03-12 08:22:34.852905', '2026-03-12 08:22:34.852905', 6, 50),
(160, 'Thông báo về nhiệm vụ mới của bạn !!!', 'Bảo trì tại công trình :LÊ NGỌC DOANH', 0, '2026-03-12 10:08:29.879811', '2026-03-12 10:08:29.879811', 8, 51),
(161, 'Thông báo về nhiệm vụ mới của bạn !!!', 'Bảo trì tại công trình :LÊ NGỌC DOANH', 0, '2026-03-12 10:08:35.774718', '2026-03-12 10:08:35.774718', 8, 51),
(162, 'Thông báo về nhiệm vụ mới của bạn !!!', 'Bảo trì tại công trình :LÊ NGỌC DOANH', 0, '2026-03-12 10:08:45.982760', '2026-03-12 10:08:45.982760', 8, 51),
(163, 'Thông báo về nhiệm vụ mới của bạn !!!', 'Bảo trì tại công trình :LÊ NGỌC DOANH', 0, '2026-03-12 10:08:51.581867', '2026-03-12 10:08:51.581867', 8, 51),
(164, 'Thông báo về nhiệm vụ mới của bạn !!!', 'Bảo trì tại công trình :NGUYỄN THỊ TÂM', 0, '2026-03-12 10:23:32.116260', '2026-03-12 10:23:32.116260', 5, 52),
(165, 'Thông báo về nhiệm vụ mới của bạn !!!', 'Bảo trì tại công trình :NGUYỄN THỊ TÂM', 0, '2026-03-12 10:23:38.445730', '2026-03-12 10:23:38.445730', 5, 52),
(166, 'Thông báo về nhiệm vụ mới của bạn !!!', 'Bảo trì tại công trình :NGUYỄN THỊ TÂM', 0, '2026-03-12 10:23:44.011203', '2026-03-12 10:23:44.011203', 5, 52),
(167, 'Thông báo về nhiệm vụ mới của bạn !!!', 'Bảo trì tại công trình :NGUYỄN THỊ TÂM', 0, '2026-03-12 10:25:27.191917', '2026-03-12 10:25:27.191917', 5, 52),
(168, 'Thông báo về nhiệm vụ mới của bạn !!!', 'Bảo trì tại công trình :NGUYỄN THỊ TÂM', 0, '2026-03-12 10:25:34.326889', '2026-03-12 10:25:34.326889', 5, 52),
(169, 'Thông báo về nhiệm vụ mới của bạn !!!', 'Bảo trì tại công trình :NGUYỄN THỊ TÂM', 0, '2026-03-12 10:25:40.936060', '2026-03-12 10:25:40.936060', 5, 52),
(170, 'Thông báo về nhiệm vụ mới của bạn !!!', 'Bảo trì tại công trình :VŨ THỊ LÊ MỸ LINH', 0, '2026-03-12 10:53:58.102799', '2026-03-12 10:53:58.102799', 8, 53),
(171, 'Thông báo về nhiệm vụ mới của bạn !!!', 'Bảo trì tại công trình :VŨ THỊ LÊ MỸ LINH', 0, '2026-03-12 11:13:04.683261', '2026-03-12 11:13:04.683261', 8, 54),
(172, 'Thông báo về nhiệm vụ mới của bạn !!!', 'Bảo trì tại công trình :VŨ THỊ LÊ MỸ LINH', 0, '2026-03-12 11:13:05.261401', '2026-03-12 11:13:05.261401', 8, 54),
(173, 'Thông báo về nhiệm vụ mới của bạn !!!', 'Bảo trì tại công trình :VŨ THỊ LÊ MỸ LINH', 0, '2026-03-12 11:13:13.262289', '2026-03-12 11:13:13.262289', 8, 54),
(174, 'Thông báo về nhiệm vụ mới của bạn !!!', 'Bảo trì tại công trình :VŨ THỊ LÊ MỸ LINH', 0, '2026-03-12 11:13:20.459506', '2026-03-12 11:13:20.459506', 8, 54),
(175, 'Thông báo về nhiệm vụ mới của bạn !!!', 'Bảo trì tại công trình :VŨ THỊ LÊ MỸ LINH', 0, '2026-03-12 11:13:26.763512', '2026-03-12 11:13:26.763512', 8, 54),
(176, 'Thông báo về nhiệm vụ mới của bạn !!!', 'Bảo trì tại công trình :VŨ THỊ LÊ MỸ LINH', 0, '2026-03-12 11:13:35.349281', '2026-03-12 11:13:35.349281', 8, 54),
(177, 'Thông báo về nhiệm vụ mới của bạn !!!', 'Bảo trì tại công trình :Trần Hoài Nam', 0, '2026-03-12 11:21:44.365603', '2026-03-12 11:21:44.365603', 8, 55),
(178, 'Thông báo về nhiệm vụ mới của bạn !!!', 'Bảo trì tại công trình :Ng. T. Hồng Thủy', 0, '2026-03-12 11:33:32.284230', '2026-03-12 11:33:32.284230', 8, 56),
(179, 'Thông báo về nhiệm vụ mới của bạn !!!', 'Bảo trì tại công trình :Ng. T. Hồng Thủy', 0, '2026-03-12 11:33:37.226211', '2026-03-12 11:33:37.226211', 8, 56),
(180, 'Thông báo về nhiệm vụ mới của bạn !!!', 'Bảo trì tại công trình :Ng. T. Hồng Thủy', 0, '2026-03-12 11:33:42.483223', '2026-03-12 11:33:42.483223', 8, 56),
(181, 'Thông báo về nhiệm vụ mới của bạn !!!', 'Bảo trì tại công trình :NGUYỄN VĂN VĨNH ', 0, '2026-03-12 15:25:35.973902', '2026-03-12 15:25:35.973902', 6, 57),
(182, 'Thông báo về nhiệm vụ mới của bạn !!!', 'Bảo trì tại công trình :Cửa hàng Tokyo life', 0, '2026-03-12 15:54:42.164561', '2026-03-12 15:54:42.164561', 6, 58),
(183, 'Thông báo về nhiệm vụ mới của bạn !!!', 'Bảo trì tại công trình :Nguyễn Thị Hường', 0, '2026-03-12 16:09:01.361137', '2026-03-12 16:09:01.361137', 6, 59),
(184, 'Thông báo về nhiệm vụ mới của bạn !!!', 'Bảo trì tại công trình :Nguyễn Thị Hường', 0, '2026-03-12 16:09:06.397997', '2026-03-12 16:09:06.397997', 6, 59),
(185, 'Thông báo về nhiệm vụ mới của bạn !!!', 'Bảo trì tại công trình :Nguyễn Thị Hường', 0, '2026-03-12 16:09:11.396036', '2026-03-12 16:09:11.396036', 6, 59),
(186, 'Thông báo về nhiệm vụ mới của bạn !!!', 'Bảo trì tại công trình :Nguyễn Thị Hường', 0, '2026-03-12 16:09:20.204711', '2026-03-12 16:09:20.204711', 6, 59),
(187, 'Thông báo về nhiệm vụ mới của bạn !!!', 'Bảo trì tại công trình :Nguyễn Thị Hường', 0, '2026-03-12 16:09:25.991011', '2026-03-12 16:09:25.991011', 6, 59),
(188, 'Thông báo về nhiệm vụ mới của bạn !!!', 'Bảo trì tại công trình :Nguyễn Thị Hường', 0, '2026-03-12 16:09:32.428885', '2026-03-12 16:09:32.428885', 6, 59),
(189, 'Thông báo về nhiệm vụ mới của bạn !!!', 'Bảo trì tại công trình :TỪ TÚ DƯƠNG', 0, '2026-03-12 16:34:22.682187', '2026-03-12 16:34:22.682187', 8, 60),
(190, 'Thông báo về nhiệm vụ mới của bạn !!!', 'Bảo trì tại công trình :TỪ TÚ DƯƠNG', 0, '2026-03-12 16:34:27.648985', '2026-03-12 16:34:27.648985', 8, 60),
(191, 'Thông báo về nhiệm vụ mới của bạn !!!', 'Bảo trì tại công trình :TỪ TÚ DƯƠNG', 0, '2026-03-12 16:34:32.880787', '2026-03-12 16:34:32.880787', 8, 60),
(192, 'Thông báo về nhiệm vụ mới của bạn !!!', 'Bảo trì tại công trình :TỪ TÚ DƯƠNG', 0, '2026-03-12 16:34:37.826699', '2026-03-12 16:34:37.826699', 8, 60),
(193, 'Thông báo về nhiệm vụ mới của bạn !!!', 'Bảo trì tại công trình :Trần Đạo', 0, '2026-03-12 16:43:15.439558', '2026-03-12 16:43:15.439558', 8, 61),
(194, 'Thông báo về nhiệm vụ mới của bạn !!!', 'Bảo trì tại công trình :Trần Đạo', 0, '2026-03-12 16:43:20.745021', '2026-03-12 16:43:20.745021', 8, 61),
(195, 'Thông báo về nhiệm vụ mới của bạn !!!', 'Bảo trì tại công trình :Trần Đạo', 0, '2026-03-12 16:43:26.676288', '2026-03-12 16:43:26.676288', 8, 61),
(196, 'Thông báo về nhiệm vụ mới của bạn !!!', 'Bảo trì tại công trình :Trần Đạo', 0, '2026-03-12 16:43:44.420698', '2026-03-12 16:43:44.420698', 8, 61),
(197, 'Thông báo về nhiệm vụ mới của bạn !!!', 'Bảo trì tại công trình : Chú Hiếu ', 0, '2026-03-12 16:54:18.413297', '2026-03-12 16:54:18.413297', 5, 62),
(198, 'Thông báo về nhiệm vụ mới của bạn !!!', 'Bảo trì tại công trình : Chú Hiếu ', 0, '2026-03-12 16:54:24.639709', '2026-03-12 16:54:24.639709', 5, 62),
(199, 'Thông báo về nhiệm vụ mới của bạn !!!', 'Bảo trì tại công trình : Chú Hiếu ', 0, '2026-03-12 16:54:30.091661', '2026-03-12 16:54:30.091661', 5, 62),
(200, 'Thông báo về nhiệm vụ mới của bạn !!!', 'Bảo trì tại công trình : Chú Hiếu ', 0, '2026-03-12 16:54:36.467152', '2026-03-12 16:54:36.467152', 5, 62),
(201, 'Thông báo về nhiệm vụ mới của bạn !!!', 'Bảo trì tại công trình : Chú Hiếu ', 0, '2026-03-12 16:54:42.514330', '2026-03-12 16:54:42.514330', 5, 62),
(202, 'Thông báo về nhiệm vụ mới của bạn !!!', 'Bảo trì tại công trình : Chú Hiếu ', 0, '2026-03-12 16:54:48.763551', '2026-03-12 16:54:48.763551', 5, 62),
(203, 'Thông báo về nhiệm vụ mới của bạn !!!', 'Bảo trì tại công trình : Lại Thanh Hải (Harbobay Hạ Long)', 0, '2026-03-12 17:02:42.199364', '2026-03-12 17:02:42.199364', 6, 63),
(204, 'Thông báo về nhiệm vụ mới của bạn !!!', 'Bảo trì tại công trình :Trần Đình Hoàng', 0, '2026-03-12 17:06:50.548112', '2026-03-12 17:06:50.548112', 6, 64),
(205, 'Thông báo về nhiệm vụ mới của bạn !!!', 'Bảo trì tại công trình :Nguyễn Thị Mẫn', 0, '2026-03-12 17:19:02.026097', '2026-03-12 17:19:02.026097', 8, 65),
(206, 'Thông báo về nhiệm vụ mới của bạn !!!', 'Bảo trì tại công trình :Nguyễn Thị Mẫn', 0, '2026-03-12 17:21:53.418147', '2026-03-12 17:21:53.418147', 8, 65),
(207, 'Thông báo về nhiệm vụ mới của bạn !!!', 'Bảo trì tại công trình :TRẦN MINH TIẾN', 0, '2026-03-12 17:41:29.817685', '2026-03-12 17:41:29.817685', 6, 66),
(208, 'Thông báo về nhiệm vụ mới của bạn !!!', 'Bảo trì tại công trình :TRẦN MINH TIẾN', 0, '2026-03-12 17:41:35.298046', '2026-03-12 17:41:35.298046', 6, 66),
(209, 'Thông báo về nhiệm vụ mới của bạn !!!', 'Bảo trì tại công trình :TRẦN MINH TIẾN', 0, '2026-03-12 17:41:41.137535', '2026-03-12 17:41:41.137535', 6, 66),
(210, 'Thông báo về nhiệm vụ mới của bạn !!!', 'Bảo trì tại công trình :TRẦN MINH TIẾN', 0, '2026-03-12 17:41:47.467576', '2026-03-12 17:41:47.467576', 6, 66),
(211, 'Thông báo về nhiệm vụ mới của bạn !!!', 'Bảo trì tại công trình :Karaoke Gia Huy  ', 0, '2026-03-13 10:20:31.589980', '2026-03-13 10:20:31.589980', 8, 67),
(212, 'Thông báo về nhiệm vụ mới của bạn !!!', 'Bảo trì tại công trình :Karaoke Gia Huy  ', 0, '2026-03-13 10:20:36.669123', '2026-03-13 10:20:36.669123', 8, 67),
(213, 'Thông báo về nhiệm vụ mới của bạn !!!', 'Bảo trì tại công trình :Karaoke Gia Huy  ', 0, '2026-03-13 10:25:22.654137', '2026-03-13 10:25:22.654137', 8, 67),
(214, 'Thông báo về nhiệm vụ mới của bạn !!!', 'Bảo trì tại công trình :Karaoke Gia Huy  ', 0, '2026-03-13 10:25:28.946350', '2026-03-13 10:25:28.946350', 8, 67),
(215, 'Thông báo về nhiệm vụ mới của bạn !!!', 'Bảo trì tại công trình :Phạm Thị Ngọc Hà', 0, '2026-03-13 11:01:31.224972', '2026-03-13 11:01:31.224972', 6, 68),
(216, 'Thông báo về nhiệm vụ mới của bạn !!!', 'Bảo trì tại công trình :Phạm Thị Ngọc Hà', 0, '2026-03-13 11:01:42.371200', '2026-03-13 11:01:42.371200', 6, 68),
(217, 'Thông báo về nhiệm vụ mới của bạn !!!', 'Bảo trì tại công trình :Phạm Thị Ngọc Hà', 0, '2026-03-13 11:02:27.433308', '2026-03-13 11:02:27.433308', 6, 68),
(218, 'Thông báo về nhiệm vụ mới của bạn !!!', 'Bảo trì tại công trình :Trần Văn Hoàn', 0, '2026-03-13 11:33:49.382045', '2026-03-13 11:33:49.382045', 5, 69),
(219, 'Thông báo về nhiệm vụ mới của bạn !!!', 'Bảo trì tại công trình :Trần Văn Hoàn', 0, '2026-03-13 11:33:54.658955', '2026-03-13 11:33:54.658955', 5, 69),
(220, 'Thông báo về nhiệm vụ mới của bạn !!!', 'Bảo trì tại công trình :KS Danitel: Thang số 1-2-3', 0, '2026-03-13 11:46:17.729918', '2026-03-13 11:46:17.729918', 6, 70),
(221, 'Thông báo về nhiệm vụ mới của bạn !!!', 'Bảo trì tại công trình :KS Danitel:Thang 4-5-6', 0, '2026-03-13 14:54:24.280782', '2026-03-13 14:54:24.280782', 6, 71),
(222, 'Thông báo về nhiệm vụ mới của bạn !!!', 'Bảo trì tại công trình :KS Danitel:Thang 4-5-6', 0, '2026-03-13 14:54:30.794903', '2026-03-13 14:54:30.794903', 6, 71),
(223, 'Thông báo về nhiệm vụ mới của bạn !!!', 'Bảo trì tại công trình :KS Danitel:Thang 4-5-6', 0, '2026-03-13 14:54:37.300229', '2026-03-13 14:54:37.300229', 6, 71),
(224, 'Thông báo về nhiệm vụ mới của bạn !!!', 'Bảo trì tại công trình :KS Danitel:Thang 4-5-6', 0, '2026-03-13 14:54:43.633023', '2026-03-13 14:54:43.633023', 6, 71),
(225, 'Thông báo về nhiệm vụ mới của bạn !!!', 'Bảo trì tại công trình :Lương Thị Lan  ', 0, '2026-03-13 15:23:14.578276', '2026-03-13 15:23:14.578276', 6, 72),
(226, 'Thông báo về nhiệm vụ mới của bạn !!!', 'Bảo trì tại công trình :Lương Thị Lan  ', 0, '2026-03-13 15:23:22.169745', '2026-03-13 15:23:22.169745', 6, 72),
(227, 'Thông báo về nhiệm vụ mới của bạn !!!', 'Bảo trì tại công trình :Lương Thị Lan  ', 0, '2026-03-13 15:23:33.729591', '2026-03-13 15:23:33.729591', 6, 72),
(228, 'Thông báo về nhiệm vụ mới của bạn !!!', 'Bảo trì tại công trình :Lương Thị Lan  ', 0, '2026-03-13 15:23:43.375979', '2026-03-13 15:23:43.375979', 6, 72),
(229, 'Thông báo về nhiệm vụ mới của bạn !!!', 'Bảo trì tại công trình :Phạm Đức Hải', 0, '2026-03-13 15:32:35.393177', '2026-03-13 15:32:35.393177', 5, 73),
(230, 'Thông báo về nhiệm vụ mới của bạn !!!', 'Bảo trì tại công trình :Vũ Xuân Phát', 0, '2026-03-13 15:34:52.074297', '2026-03-13 15:34:52.074297', 5, 74),
(231, 'Thông báo về nhiệm vụ mới của bạn !!!', 'Bảo trì tại công trình :Vũ Xuân Phát', 0, '2026-03-13 15:34:58.113167', '2026-03-13 15:34:58.113167', 5, 74),
(232, 'Thông báo về nhiệm vụ mới của bạn !!!', 'Bảo trì tại công trình :Nguyễn Phú Sang', 0, '2026-03-13 15:45:07.556583', '2026-03-13 15:45:07.556583', 5, 75),
(233, 'Thông báo về nhiệm vụ mới của bạn !!!', 'Bảo trì tại công trình :Nguyễn Phú Sang', 0, '2026-03-13 15:45:08.994037', '2026-03-13 15:45:08.994037', 5, 75),
(234, 'Thông báo về nhiệm vụ mới của bạn !!!', 'Bảo trì tại công trình :Nguyễn Phú Sang', 0, '2026-03-13 15:45:16.862260', '2026-03-13 15:45:16.862260', 5, 75),
(235, 'Thông báo về nhiệm vụ mới của bạn !!!', 'Bảo trì tại công trình :Nguyễn Phú Sang', 0, '2026-03-13 15:45:25.552482', '2026-03-13 15:45:25.552482', 5, 75),
(236, 'Thông báo về nhiệm vụ mới của bạn !!!', 'Bảo trì tại công trình :Công ty TNHH Koi CAFE VN ', 0, '2026-03-13 16:47:41.878400', '2026-03-13 16:47:41.878400', 8, 77),
(237, 'Thông báo về nhiệm vụ mới của bạn !!!', 'Bảo trì tại công trình :Công ty TNHH Koi CAFE VN ', 0, '2026-03-13 16:49:45.486153', '2026-03-13 16:49:45.486153', 8, 77),
(238, 'Thông báo về nhiệm vụ mới của bạn !!!', 'Bảo trì tại công trình :Công ty TNHH Koi CAFE VN ', 0, '2026-03-13 16:49:52.579493', '2026-03-13 16:49:52.579493', 8, 77),
(239, 'Thông báo về nhiệm vụ mới của bạn !!!', 'Bảo trì tại công trình :Công ty TNHH Koi CAFE VN ', 0, '2026-03-13 16:49:59.764921', '2026-03-13 16:49:59.764921', 8, 77),
(240, 'Thông báo về nhiệm vụ mới của bạn !!!', 'Bảo trì tại công trình :Công ty TNHH Koi CAFE VN ', 0, '2026-03-13 16:50:06.380753', '2026-03-13 16:50:06.380753', 8, 77),
(241, 'Thông báo về nhiệm vụ mới của bạn !!!', 'Bảo trì tại công trình :Phạm Thị Thúy Ngần', 0, '2026-03-13 16:53:19.366288', '2026-03-13 16:53:19.366288', 6, 78),
(242, 'Thông báo về nhiệm vụ mới của bạn !!!', 'Bảo trì tại công trình :Phạm Thị Thúy Ngần', 0, '2026-03-13 16:53:29.227151', '2026-03-13 16:53:29.227151', 6, 78),
(243, 'Thông báo về nhiệm vụ mới của bạn !!!', 'Bảo trì tại công trình :Phạm Thị Thúy Ngần', 0, '2026-03-13 16:53:34.688599', '2026-03-13 16:53:34.688599', 6, 78),
(244, 'Thông báo về nhiệm vụ mới của bạn !!!', 'Bảo trì tại công trình :Phạm Thị Thúy Ngần', 0, '2026-03-13 16:53:47.735514', '2026-03-13 16:53:47.735514', 6, 78),
(245, 'Thông báo về nhiệm vụ mới của bạn !!!', 'Bảo trì tại công trình :Kim Đức Phong', 0, '2026-03-14 09:10:03.518146', '2026-03-14 09:10:03.518146', 8, 79),
(246, 'Thông báo về nhiệm vụ mới của bạn !!!', 'Bảo trì tại công trình :Kim Đức Phong', 0, '2026-03-14 09:10:08.988975', '2026-03-14 09:10:08.988975', 8, 79),
(247, 'Thông báo về nhiệm vụ mới của bạn !!!', 'Bảo trì tại công trình :Nguyễn Hữu Đính (Chế)', 0, '2026-03-14 09:32:58.151655', '2026-03-14 09:32:58.151655', 5, 80),
(248, 'Thông báo về nhiệm vụ mới của bạn !!!', 'Bảo trì tại công trình :Nguyễn Hữu Đính (Chế)', 0, '2026-03-14 09:33:03.958800', '2026-03-14 09:33:03.958800', 5, 80),
(249, 'Thông báo về nhiệm vụ mới của bạn !!!', 'Bảo trì tại công trình :Phạm Thị Bích Thảo', 0, '2026-03-14 09:36:50.062356', '2026-03-14 09:36:50.062356', 5, 81),
(250, 'Thông báo về nhiệm vụ mới của bạn !!!', 'Bảo trì tại công trình :Phạm Thị Bích Thảo', 0, '2026-03-14 09:36:57.389584', '2026-03-14 09:36:57.389584', 5, 81),
(251, 'Thông báo về nhiệm vụ mới của bạn !!!', 'Bảo trì tại công trình :Dương Quang Minh', 0, '2026-03-14 09:42:03.976276', '2026-03-14 09:42:03.976276', 6, 82),
(252, 'Thông báo về nhiệm vụ mới của bạn !!!', 'Bảo trì tại công trình :Phạm Xuân Hùng', 0, '2026-03-14 09:55:19.401831', '2026-03-14 09:55:19.401831', 8, 83),
(253, 'Thông báo về nhiệm vụ mới của bạn !!!', 'Bảo trì tại công trình :Đào Thu Hà', 0, '2026-03-14 10:03:22.507990', '2026-03-14 10:03:22.507990', 5, 84),
(254, 'Thông báo về nhiệm vụ mới của bạn !!!', 'Bảo trì tại công trình :Đào Thu Hà', 0, '2026-03-14 10:03:28.540262', '2026-03-14 10:03:28.540262', 5, 84),
(255, 'Thông báo về nhiệm vụ mới của bạn !!!', 'Bảo trì tại công trình :Dương Thị Thu Lan', 0, '2026-03-14 10:12:21.504065', '2026-03-14 10:12:21.504065', 8, 85),
(256, 'Thông báo về nhiệm vụ mới của bạn !!!', 'Bảo trì tại công trình :Dương Thị Thu Lan', 0, '2026-03-14 10:12:26.285460', '2026-03-14 10:12:26.285460', 8, 85),
(257, 'Thông báo về nhiệm vụ mới của bạn !!!', 'Bảo trì tại công trình :Dương Thị Thu Lan', 0, '2026-03-14 10:12:31.089554', '2026-03-14 10:12:31.089554', 8, 85),
(258, 'Thông báo về nhiệm vụ mới của bạn !!!', 'Bảo trì tại công trình :Nghiêm Thị Thúy', 0, '2026-03-14 15:03:27.049281', '2026-03-14 15:03:27.049281', 5, 86),
(259, 'Thông báo về nhiệm vụ mới của bạn !!!', 'Bảo trì tại công trình :Nghiêm Thị Thúy', 0, '2026-03-14 15:03:56.934322', '2026-03-14 15:03:56.934322', 5, 86),
(260, 'Thông báo về nhiệm vụ mới của bạn !!!', 'Bảo trì tại công trình :Nguyễn Thị Thu', 0, '2026-03-14 16:04:51.015519', '2026-03-14 16:04:51.015519', 6, 87),
(261, 'Thông báo về nhiệm vụ mới của bạn !!!', 'Bảo trì tại công trình :PHẠM NGỌC PHƠN', 0, '2026-03-16 14:00:33.124235', '2026-03-16 14:00:33.124235', 8, 88),
(262, 'Thông báo về nhiệm vụ mới của bạn !!!', 'Bảo trì tại công trình :PHẠM NGỌC PHƠN', 0, '2026-03-16 14:00:38.246121', '2026-03-16 14:00:38.246121', 8, 88),
(263, 'Thông báo về nhiệm vụ mới của bạn !!!', 'Bảo trì tại công trình :PHẠM NGỌC PHƠN', 0, '2026-03-16 14:00:43.410311', '2026-03-16 14:00:43.410311', 8, 88),
(264, 'Thông báo về nhiệm vụ mới của bạn !!!', 'Bảo trì tại công trình :PHẠM NGỌC PHƠN', 0, '2026-03-16 14:01:03.493077', '2026-03-16 14:01:03.493077', 8, 88);

-- --------------------------------------------------------

--
-- Table structure for table `permision`
--

CREATE TABLE `permision` (
  `id` int(11) NOT NULL,
  `code` varchar(255) NOT NULL,
  `codeParent` varchar(255) NOT NULL,
  `name` varchar(255) NOT NULL,
  `description` varchar(255) NOT NULL
) ENGINE=InnoDB DEFAULT CHARSET=utf8mb4 COLLATE=utf8mb4_unicode_ci;

--
-- Dumping data for table `permision`
--

INSERT INTO `permision` (`id`, `code`, `codeParent`, `name`, `description`) VALUES
(1, 'VIEW_DASHBOARD', 'ROOT', 'Xem trang tổng quan', 'Cho phép truy cập và xem trang tổng quan thống kê. (Đề xuất: Admin, Trưởng phòng kinh doanh)'),
(2, 'VIEW_DEPARTMENTS', 'ROOT', 'Xem danh sách phòng ban', 'Cho phép quản lý phòng ban .(Đề xuất: Admin)'),
(3, 'MANAGE_STAFF', 'ROOT', 'Quản lý nhân viên và bảng công', 'Cho phép quản lý nhân viên và bảng công. (Đề xuất: Admin, Trưởng phòng)'),
(4, 'MANAGE_WORKFLOWS', 'ROOT', 'Quản lý quy trình làm việc', 'Cho phép quản lý các quy trình làm việc. (Đề xuất: Admin)'),
(5, 'MANAGE_SALES_STAFF', 'ROOT', 'Quản lý nhân viên kinh doanh', 'Cho phép quản nhân viên kinh doanh.(Đề xuất: Admin, Trưởng phòng kinh doanh)'),
(6, 'MANAGE_PLANNED_PROJECTS', 'ROOT', 'Quản lí danh sách dự án dự kiến', 'Cho phép quản lý danh sách dự án dự kiến.(Đề xuất: Admin, Trưởng phòng kinh doanh)'),
(7, 'MANAGE_PROJECTS', 'ROOT', 'Quản lý công trình', 'Cho phép quản lý công trình. (Đề xuất: Admin, Nhân viên kinh doanh)'),
(8, 'MANAGE_MAINTENANCE', 'ROOT', 'Quản lý bảo trì, bảo hành', 'Cho phép quản lý phần bảo trì và bảo hành. (Đề xuất: Admin, Nhân viên kinh doanh)'),
(9, 'VIEW_ASSIGNED_PROJECTS', 'ROOT', 'Danh sách công trình phụ trách', 'Hiển thị danh sách các công trình mà nhân viên kinh doanh đang phụ trách (Đề xuất: Nhân viên kinh doanh)'),
(10, 'VIEW_PROJECT_STATISTICS', 'ROOT', 'Thống kê công trình', 'Cho phép xem danh sách công trình bảo trì theo địa chỉ'),
(11, 'VIEW_MAINTENANCE_STATISTICS', 'ROOT', 'Thống kê bảo trì theo tháng', 'Cho phép xem thống kê bảo trì theo tháng'),
(12, 'VIEW_POSITIONS', 'ROOT', 'Xem danh sách chức vụ', 'Cho phép quản lý chức vụ.(Đề xuất: Admin)');

-- --------------------------------------------------------

--
-- Table structure for table `position`
--

CREATE TABLE `position` (
  `id` int(11) NOT NULL,
  `name` varchar(255) NOT NULL,
  `description` text DEFAULT NULL,
  `createdAt` datetime(6) NOT NULL DEFAULT current_timestamp(6),
  `updatedAt` datetime(6) NOT NULL DEFAULT current_timestamp(6) ON UPDATE current_timestamp(6),
  `deletedAt` datetime(6) DEFAULT NULL
) ENGINE=InnoDB DEFAULT CHARSET=utf8mb4 COLLATE=utf8mb4_unicode_ci;

--
-- Dumping data for table `position`
--

INSERT INTO `position` (`id`, `name`, `description`, `createdAt`, `updatedAt`, `deletedAt`) VALUES
(1, 'Trưởng Phòng', 'Quản lý phòng ban', '2025-11-25 13:55:12.469136', '2025-11-25 13:55:12.469136', NULL),
(2, 'Nhân Viên', 'Nhân viên thực hiện công việc', '2025-11-25 13:55:12.474714', '2025-11-25 13:55:12.474714', NULL),
(3, 'Giám đốc', 'Giám đốc', '2025-12-12 10:49:44.294097', '2025-12-12 10:49:44.294097', NULL),
(4, 'Phó giám đốc', 'Phó giám đốc', '2025-12-12 10:49:55.704118', '2025-12-12 10:49:55.704118', NULL),
(5, 'Nhân viên kế toán', 'Nhân viên kế toán', '2025-12-12 10:50:14.787485', '2025-12-12 10:50:14.787485', NULL),
(6, 'Nhân viên hành chính nhân sự', 'Nhân viên hành chính nhân sự', '2025-12-12 10:50:26.860368', '2025-12-12 10:50:26.860368', NULL);

-- --------------------------------------------------------

--
-- Table structure for table `project`
--

CREATE TABLE `project` (
  `id` int(11) NOT NULL,
  `full_name` varchar(255) NOT NULL,
  `number_phone` varchar(15) NOT NULL,
  `email` varchar(255) DEFAULT NULL,
  `address` text DEFAULT NULL,
  `description` varchar(225) DEFAULT NULL,
  `code_project` varchar(225) NOT NULL,
  `status` int(11) NOT NULL DEFAULT 0,
  `price` bigint(20) NOT NULL DEFAULT 0,
  `tax` varchar(255) NOT NULL,
  `type` enum('BAOTRI','LAPDAT') NOT NULL DEFAULT 'LAPDAT',
  `warrantyStart` date DEFAULT NULL,
  `warrantyEnd` date DEFAULT NULL,
  `createdAt` datetime(6) NOT NULL DEFAULT current_timestamp(6),
  `updatedAt` datetime(6) NOT NULL DEFAULT current_timestamp(6) ON UPDATE current_timestamp(6),
  `deletedAt` datetime(6) DEFAULT NULL,
  `infor_product` longtext CHARACTER SET utf8mb4 COLLATE utf8mb4_bin DEFAULT NULL CHECK (json_valid(`infor_product`))
) ENGINE=InnoDB DEFAULT CHARSET=utf8mb4 COLLATE=utf8mb4_unicode_ci;

--
-- Dumping data for table `project`
--

INSERT INTO `project` (`id`, `full_name`, `number_phone`, `email`, `address`, `description`, `code_project`, `status`, `price`, `tax`, `type`, `warrantyStart`, `warrantyEnd`, `createdAt`, `updatedAt`, `deletedAt`, `infor_product`) VALUES
(3, 'Đỗ Đắc Thúy ', '0968472796', NULL, 'Thành phố Hà Nội, Quận Bắc Từ Liêm,Phường Tây Tựu, 214 TDP Trung 6, P.Tây Tựu, Q.Bắc Từ Liêm, TP.Hà Nội', NULL, 'HDBT01.26', 0, 4000000, 'Không', 'BAOTRI', NULL, NULL, '2026-02-27 16:18:25.062950', '2026-02-27 16:53:18.000000', NULL, NULL),
(4, 'Đặng Thị Tú Uyên( Bánh Mian Mian)', '0917262675', NULL, 'Tỉnh Quảng Ninh, Thành phố Hạ Long,Phường Hồng Gai, Số 32 Lê Thánh Tông, Hồng Gai, Hạ Long, Quảng Ninh', NULL, 'HĐBT 02.26', 0, 4000000, 'Không', 'BAOTRI', NULL, NULL, '2026-02-28 09:31:25.992162', '2026-02-28 09:31:25.992162', NULL, NULL),
(5, 'BÀ NGUYỄN THỊ PHƯỢNG', '0913 267 593', NULL, 'Tỉnh Quảng Ninh, Thành phố Hạ Long,, SN 172 Nguyễn Thượng Hiền, phường Hạ Long, \r\ntỉnh Quảng Ninh\r\n', NULL, 'HĐBT 04.26', 0, 3500000, 'Không', 'BAOTRI', NULL, NULL, '2026-02-28 10:36:17.525911', '2026-02-28 10:36:17.525911', NULL, NULL),
(6, 'TRẦN THỊ TUYẾT', '0936 656 367', NULL, 'Tỉnh Quảng Ninh, Thành phố Hạ Long,, Big C, Monbay,phường Hạ Long, tỉnh Quảng Ninh', NULL, 'HĐBT 05.26', 0, 9600000, 'Không', 'BAOTRI', NULL, NULL, '2026-02-28 10:52:51.734679', '2026-02-28 10:52:51.734679', NULL, NULL),
(7, 'VŨ THỊ THU GIANG', '0912.297.685', NULL, 'Tỉnh Quảng Ninh, Thành phố Hạ Long,, Số 30, ngõ 4, phố Hải Long, P.Hạ Long, T.Quảng Ninh\r\n', NULL, 'HĐBT 06.26', 0, 4800000, 'Không', 'BAOTRI', NULL, NULL, '2026-02-28 11:08:22.451544', '2026-02-28 11:08:22.451544', NULL, NULL),
(8, 'NGUYỄN ĐÌNH LUẬN', '0913.302.044', NULL, 'Tỉnh Quảng Ninh, Thành phố Uông Bí,, Tổ 23 khu 7, P. Uông Bí, T.Quảng Ninh.', NULL, 'HĐBT 07.26', 0, 4000000, 'Không', 'BAOTRI', NULL, NULL, '2026-02-28 11:32:32.257795', '2026-02-28 11:32:32.257795', NULL, NULL),
(9, 'NGUYỄN LƯU TRUNG', '0913 262 255', NULL, 'Tỉnh Quảng Ninh, Thành phố Hạ Long,Phường Hồng Gai, Số 58, phố Văn Lang, P.Hồng Gai, T.Quảng Ninh', NULL, 'HĐBT 08.26', 0, 4800000, 'Không', 'BAOTRI', NULL, NULL, '2026-02-28 14:07:16.528998', '2026-02-28 14:07:16.528998', NULL, NULL),
(10, 'NGUYỄN ĐỨC HÙNG', '0906 010 176', NULL, 'Tỉnh Quảng Ninh, Thị xã Quảng Yên,Phường Đông Mai, SN 03 Khu Biểu Nghi, P.Đông Mai, T.Quảng Ninh', NULL, 'HĐBT 09.26', 0, 4000000, 'Không', 'BAOTRI', NULL, NULL, '2026-02-28 14:19:03.020523', '2026-02-28 14:19:03.020523', NULL, NULL),
(11, 'PHẠM THỊ HẢI', '0838413333', NULL, 'Thành phố Hà Nội, Quận Hoàng Mai,, SN 24 ngõ 39, ngách 7, phố Đại Đồng, P. Hoàng Mai , TP. Hà Nội\r\n', NULL, 'HĐBT 10.26', 0, 5000000, 'Không', 'BAOTRI', NULL, NULL, '2026-02-28 14:28:45.665623', '2026-02-28 14:28:45.665623', NULL, NULL),
(12, 'HOÀNG THỊ HƯƠNG', '0941438862', NULL, 'Tỉnh Quảng Ninh, Thành phố Hạ Long,, A4-15 KĐT HD Mon, P. Hạ Long, T. Quảng Ninh', NULL, 'HĐBT 11.26', 0, 4000000, 'Không', 'BAOTRI', NULL, NULL, '2026-02-28 15:14:25.648455', '2026-03-11 10:15:49.000000', NULL, NULL),
(14, 'ĐOÀN QUYẾT THẮNG       	', '0987.069.228', NULL, 'Thành phố Hà Nội, ,undefined, Số 20, Ngõ 858 Kim Giang, P.Thanh Liệt, TP. Hà Nội', NULL, 'HĐBT 36.26', 0, 4000000, 'Không', 'BAOTRI', NULL, NULL, '2026-03-02 10:21:41.123295', '2026-03-02 11:06:00.000000', NULL, NULL),
(15, 'VŨ HUY HOÀNG                 ', '0763.438.668', NULL, 'Thành phố Hà Nội, ,undefined, Số nhà 42-TDP số 2, P.Phú Đô, TP. Hà Nội', NULL, 'HĐBT 35.26', 0, 4000000, 'Không', 'BAOTRI', NULL, NULL, '2026-03-03 15:54:58.614972', '2026-03-03 15:54:58.614972', NULL, NULL),
(16, 'ĐẶNG THỊ VIỆN', '0934 207 108', NULL, 'Tỉnh Quảng Ninh, Thành phố Hạ Long,, Ô số 10, Lô LK1- KĐT Việt Hàn, P.Hồng Gai, T.Quảng Ninh\r\n\r\n', NULL, 'HĐBT 12.26', 0, 8000000, 'Không', 'BAOTRI', NULL, NULL, '2026-03-05 15:54:17.005567', '2026-03-05 15:54:17.005567', NULL, NULL),
(17, 'HÀ THỊ THANH HUYỀN', '0912 035 363', NULL, 'Thành phố Hà Nội, ,undefined, Lô SH2A-SP.2A-32, KĐT Vinhomes Ocean Park, P.Kiêu Kỵ, TP.Hà Nội\r\n', NULL, 'HD·BT 13.26', 0, 4000000, 'Không', 'BAOTRI', NULL, NULL, '2026-03-05 16:19:59.659120', '2026-03-05 16:26:12.000000', NULL, NULL),
(18, 'TRẦN QUANG HÀO', '0983 837 122', NULL, 'Tỉnh Quảng Ninh, ,undefined, KĐT Km8, P.Quang Hanh, T.Quảng Ninh', NULL, 'HĐBT 14.26', 0, 4000000, 'Không', 'BAOTRI', NULL, NULL, '2026-03-05 16:35:06.633165', '2026-03-05 16:46:01.000000', NULL, NULL),
(19, 'xỔ SỐ CẨM PHẢ', '0913388102', NULL, 'Tỉnh Quảng Ninh, ,undefined, Số 211- Đường Trần Phú- Phường Cẩm Phả- Tỉnh Quảng Ninh', NULL, 'HĐBT 15.26', 0, 6480000, 'Có', 'BAOTRI', NULL, NULL, '2026-03-05 16:51:48.003816', '2026-03-05 16:56:28.000000', NULL, NULL),
(20, 'HUỲNH HỮU NAM', '0973 936 888', NULL, 'Tỉnh Quảng Ninh, ,undefined, Số 166 Nguyễn Thượng Hiền, P. Hạ Long, T. Quảng Ninh\r\n', NULL, 'HĐBT 16.26', 0, 4800000, 'Không', 'BAOTRI', NULL, NULL, '2026-03-06 15:03:22.834951', '2026-03-06 15:03:22.834951', NULL, NULL),
(21, 'ĐOÀN THỊ THANH', '0859.692.888', NULL, 'Tỉnh Quảng Ninh, ,undefined, Tổ 4, Khu 2, P. Trần Hưng Đạo, T. Quảng Ninh', NULL, 'HĐBT 17.26', 0, 3000000, 'Không', 'BAOTRI', NULL, NULL, '2026-03-06 15:32:44.505082', '2026-03-06 15:51:27.000000', NULL, NULL),
(22, 'PHẠM THỊ HOÀN', '0979 289 474', NULL, 'Tỉnh Quảng Ninh, ,undefined, D6- 06 HD Mon, P. Hạ Long, T. Quảng Ninh', NULL, 'HĐBT 18.26', 0, 4200000, 'Không', 'BAOTRI', NULL, NULL, '2026-03-06 15:54:30.254582', '2026-03-06 16:01:29.000000', NULL, NULL),
(23, 'KHÁCH SẠN VÂN LONG', '0936 551 506', NULL, 'Tỉnh Quảng Ninh, ,undefined, Số 801 đường Trần Phú, P.Quang Hanh, Tỉnh Quảng Ninh', NULL, 'HĐBT 19.26', 0, 6480000, 'Có', 'BAOTRI', NULL, NULL, '2026-03-06 16:04:37.347806', '2026-03-06 16:26:36.000000', NULL, NULL),
(24, 'TUYỂN THAN CỬA ÔNG ', '0836 823 299', NULL, 'Tỉnh Quảng Ninh, ,undefined, Tổ 48, khu 4B2, P.Cửa Ông, TP. Cẩm Phả, QN', NULL, '650/HĐ-TTCO', 0, 82944000, 'Có', 'BAOTRI', NULL, NULL, '2026-03-06 16:34:21.756042', '2026-03-06 16:34:21.756042', NULL, NULL),
(26, 'LÊ SỸ HUỲNH', '0915.849.821', NULL, 'Tỉnh Quảng Ninh, ,undefined, Số A8 - 35 KĐT HD Mon, P. Hạ Long, T.Quảng Ninh', NULL, 'HĐBT 20.26', 0, 3000000, 'Không', 'BAOTRI', NULL, NULL, '2026-03-07 10:42:57.323527', '2026-03-07 10:54:19.000000', NULL, NULL),
(27, 'PHẠM THỊ THANH', '0984 837 380', NULL, 'Tỉnh Quảng Ninh, ,undefined, SN 115, khu phố 14, P. Quảng Yên, T.Quảng Ninh', NULL, 'HĐBT 21.26', 0, 4000000, 'Không', 'BAOTRI', NULL, NULL, '2026-03-07 11:02:40.153311', '2026-03-07 11:15:13.000000', NULL, NULL),
(28, 'PHAN THANH NGÂN', '0906 044 567', NULL, 'Tỉnh Quảng Ninh, ,undefined, A2-16 Monbay, P.Hạ Long, T.Quảng Ninh.', NULL, 'HĐBT 22.26', 0, 6000000, 'Không', 'BAOTRI', NULL, NULL, '2026-03-07 11:22:25.345830', '2026-03-07 11:22:25.345830', NULL, NULL),
(29, 'CÔNG TY TNHH ĐẦU TƯ VÀ PHÁT TRIỂN  HOA ĐẠI VIỆT', '0942579752', NULL, 'Tỉnh Quảng Ninh, undefined,undefined, Tổ 4, Khu 5, Phường Bãi Cháy, Tỉnh Quảng Ninh', NULL, 'HĐBT 23.26', 0, 5400000, 'Có', 'BAOTRI', NULL, NULL, '2026-03-07 14:42:23.831368', '2026-03-07 14:53:22.000000', NULL, NULL),
(30, 'NGUYỄN TRỌNG CHUNG', '0362 441 689', NULL, 'Thành phố Hà Nội, ,undefined, Ngõ 60, TDP Nguyên Xá 1, P.Tây Tựu, TP.Hà Nội.', NULL, 'HĐBT 24.26', 0, 4000000, 'Không', 'BAOTRI', NULL, NULL, '2026-03-07 15:32:16.841188', '2026-03-07 15:55:38.000000', NULL, NULL),
(31, ' TẠ VIẾT PHONG', '0983 216 038', NULL, 'Tỉnh Quảng Ninh, ,undefined, Tổ 4 khu 4D, P. Hạ Long, T.Quảng Ninh', NULL, 'HĐBT 25.26', 0, 4000000, 'Không', 'BAOTRI', NULL, NULL, '2026-03-09 08:57:21.474657', '2026-03-09 10:14:04.000000', NULL, NULL),
(32, 'NGUYỄN THỊ LAN ANH', '0968 531 868', NULL, 'Tỉnh Quảng Ninh, ,undefined, Ô số 1- LK3- dự án khu dân cư đồi ngân hàng, P. Hạ Long, T.Quảng Ninh\r\n', NULL, 'HĐBT 26.26', 0, 4000000, 'Không', 'BAOTRI', NULL, NULL, '2026-03-09 09:19:31.221966', '2026-03-09 10:13:31.000000', NULL, NULL),
(33, 'NGUYỄN THỊ HUỆ', '0916 786 936', NULL, 'Tỉnh Quảng Ninh, ,undefined, Số 126 Lê Thanh Nghị, P. Cẩm Phả, T.Quảng Ninh', NULL, 'HĐBT 27.265', 0, 4000000, 'Không', 'BAOTRI', NULL, NULL, '2026-03-09 10:22:11.419010', '2026-03-09 10:25:13.000000', NULL, NULL),
(34, 'PHẠM VĂN HIỀN', '0912.000.119', NULL, 'Tỉnh Quảng Ninh, ,undefined, Ô 26 Lô C1, Tổ 18 khu 7, P.Cao Xanh, T.Quảng Ninh', NULL, 'HĐBT 28.26', 0, 3000000, 'Không', 'BAOTRI', NULL, NULL, '2026-03-09 10:29:25.252417', '2026-03-09 10:29:25.252417', NULL, NULL),
(35, 'NGUYỄN VĂN THANH', '0936 386 209', NULL, 'Tỉnh Quảng Ninh, ,undefined, Tổ 49B, khu 6A, P.Hà Tu, T.Quảng Ninh', NULL, 'HĐBT 29.26', 0, 2000000, 'Không', 'BAOTRI', NULL, NULL, '2026-03-09 10:42:56.105174', '2026-03-09 10:49:12.000000', NULL, NULL),
(36, 'NGUYỄN THỊ TÂM', '0902 085 769', NULL, 'Tỉnh Quảng Ninh, ,undefined, Ô số 13, Lô LK3, khu dịch vụ hậu cần cảng Cái Lân, P. Bãi Cháy, tỉnh Quảng Ninh', NULL, 'HĐBT 30.26', 0, 4000000, 'Không', 'BAOTRI', NULL, NULL, '2026-03-09 10:55:57.827546', '2026-03-09 10:55:57.827546', NULL, NULL),
(37, 'LÊ THỊ THÍNH', '0974.315.037', NULL, 'Tỉnh Quảng Ninh, ,undefined, Tổ 1B, khu 6A, P. Hạ Long, T. Quảng Ninh', NULL, 'HĐBT 31.26', 0, 3600000, 'Không', 'BAOTRI', NULL, NULL, '2026-03-09 11:28:14.610093', '2026-03-09 11:28:14.610093', NULL, NULL),
(38, 'NGUYỄN VĂN LONG', '0961.031.666', NULL, 'Tỉnh Quảng Ninh, ,undefined, Ô số 3, Lô Lk1, Khu dân cư đô thị đảo Sato, Tổ 13,\r\n khu 7, P.Cao Xanh, T.Quảng Ninh\r\n', NULL, 'HĐBT 32.26', 0, 4000000, 'Không', 'BAOTRI', NULL, NULL, '2026-03-10 09:28:59.387283', '2026-03-10 09:59:53.000000', NULL, NULL),
(39, 'NGUYỄN THỊ MINH ANH', '0395 389 669', NULL, 'Tỉnh Quảng Ninh, ,undefined, Phú Gia 2- 12A Vinhome Dragon Bay, \r\nPhường Hồng Gai, tỉnh Quảng Ninh\r\n\r\n', NULL, 'HĐBT 33.26', 0, 4800000, 'Không', 'BAOTRI', NULL, NULL, '2026-03-10 10:01:52.561543', '2026-03-10 10:01:52.561543', NULL, NULL),
(40, 'ĐẶNG ANH TUẤN', '0982.000.308', NULL, 'Thành phố Hà Nội, ,undefined, Số 48, ngách 15, ngõ Gốc Đề, phường Vĩnh Tuy, \r\nTP. Hà Nội.\r\n', NULL, 'HĐBT 34.26', 0, 4800000, 'Không', 'BAOTRI', NULL, NULL, '2026-03-10 10:11:28.405243', '2026-03-10 10:24:50.000000', NULL, NULL),
(41, 'VŨ HUY HOÀNG', '0763.438.668', NULL, 'Thành phố Hà Nội, ,undefined, Số nhà 42-TDP số 2, P. Phú Đô, TP. Hà Nội', NULL, 'HĐBT 35.26', 0, 4000000, 'Không', 'BAOTRI', NULL, NULL, '2026-03-10 10:44:03.470087', '2026-03-10 10:44:03.470087', NULL, NULL),
(42, ' Nguyễn Hữu Trung', '0366.58.9999', NULL, 'Tỉnh Quảng Ninh, ,undefined, Số 10, đường An Lập, khu Đường Ngang, P. Minh Thành,  Quảng Yên, tỉnh Quảng Ninh.', NULL, 'NHT', 0, 0, 'Không', 'BAOTRI', NULL, NULL, '2026-03-11 10:26:22.385476', '2026-03-11 15:07:05.000000', NULL, NULL),
(44, 'Trần Viết Dũng ', '0913268938', NULL, 'Tỉnh Quảng Ninh, ,undefined,  D7 01, HD Monbay - P. Hồng Hải - TP Hạ Long - Quảng Ninh', NULL, 'TVD', 0, 0, 'Không', 'BAOTRI', NULL, NULL, '2026-03-11 15:09:47.798988', '2026-03-11 15:20:28.000000', NULL, NULL),
(45, 'Trường STEAM', '0936 236 032', NULL, 'Tỉnh Quảng Ninh, ,undefined, Bãi Cháy, Monbay, Hạ Long', NULL, 'PLHD 07/HĐBT195.24 ', 0, 11664000, 'Có', 'BAOTRI', NULL, NULL, '2026-03-11 15:32:20.099171', '2026-03-11 15:42:38.000000', NULL, NULL),
(46, 'Trung Tâm Sự Kiện Grand View Palace', '0936678828', NULL, 'Tỉnh Quảng Ninh, ,undefined, Tổ 6, khu 6, P. Yết Kiêu, Hạ Long, Quảng Ninh', NULL, 'HĐBT 03.25', 0, 19440000, 'Có', 'BAOTRI', NULL, NULL, '2026-03-11 15:46:39.341896', '2026-03-11 15:46:39.341896', NULL, NULL),
(47, 'PHAN THANH NGÂN', '0367991130', NULL, 'Tỉnh Quảng Ninh, undefined,undefined, P. Cao Xanh, TP.Hạ Long, T.Quảng Ninh', NULL, 'HĐBT 06.26', 0, 6000000, 'Không', 'BAOTRI', NULL, NULL, '2026-03-11 16:14:31.440634', '2026-03-11 16:14:31.440634', NULL, NULL),
(48, 'NGUYỄN TIẾN DUẬT', '0919 911 228', NULL, 'Tỉnh Quảng Ninh, ,undefined, Số 22 - ngõ 06, đường Võ Thị Sáu, P.Hồng Hà, \r\nTP. Hạ Long, T.Quảng Ninh\r\n', NULL, 'HĐBT 07.26', 0, 3000000, 'Không', 'BAOTRI', NULL, NULL, '2026-03-11 16:26:22.266464', '2026-03-11 16:26:22.266464', NULL, NULL),
(49, 'TRỊNH VĂN THANH', '0913 268 811', NULL, 'Tỉnh Quảng Ninh, ,undefined, Tổ 7, khu Diêm Thủy, phường Cẩm Bình,\r\nthành phố Cẩm Phả, tỉnh Quảng Ninh.\r\n', NULL, 'HĐBT 08.25', 0, 4000000, 'Không', 'BAOTRI', NULL, NULL, '2026-03-11 16:49:31.040079', '2026-03-11 16:49:31.040079', NULL, NULL),
(50, 'ĐOÀN THỊ KIM LIÊN', '0913325718', NULL, 'Tỉnh Quảng Ninh, ,undefined, Tổ 4A, Khu 5A, P.Bãi Cháy,TP. Hạ Long, T.Quảng Ninh \r\n', NULL, 'HĐBT 21.25', 0, 4000000, 'Không', 'BAOTRI', NULL, NULL, '2026-03-12 08:20:46.349225', '2026-03-12 08:20:46.349225', NULL, NULL),
(51, 'LÊ NGỌC DOANH', '0912 022 952', NULL, 'Tỉnh Quảng Ninh, ,undefined', NULL, 'HĐBT 25.25', 0, 4000000, 'Không', 'BAOTRI', NULL, NULL, '2026-03-12 10:00:25.552735', '2026-03-12 10:00:25.552735', NULL, NULL),
(52, 'NGUYỄN THỊ TÂM', '0912 519 982', NULL, 'Thành phố Hà Nội, ,undefined, Số 16 ngõ 459, phố Bạch Mai, TP. Hà Nội', NULL, 'HĐBT 26.25', 0, 4800000, 'Không', 'BAOTRI', NULL, NULL, '2026-03-12 10:11:09.329990', '2026-03-12 10:11:09.329990', NULL, NULL),
(53, 'VŨ THỊ LÊ MỸ LINH', '0906 038 226', NULL, 'Tỉnh Quảng Ninh, ,undefined, A40 - 41 Shop House MKL, P.Hồng Hải,\r\nTP. Hạ Long, T. Quảng Ninh\r\n', NULL, 'HĐBT 27.25', 0, 6000000, 'Không', 'BAOTRI', NULL, NULL, '2026-03-12 10:50:33.282221', '2026-03-12 10:50:33.282221', NULL, NULL),
(54, 'VŨ THỊ LÊ MỸ LINH', '0906038226', NULL, 'Tỉnh Quảng Ninh, ,undefined, A40 - 41 Shop House MKL, P.Hồng Hải,\r\nTP. Hạ Long, T. Quảng Ninh', NULL, 'LML', 0, 0, 'Không', 'BAOTRI', NULL, NULL, '2026-03-12 10:56:19.199937', '2026-03-12 11:13:41.000000', NULL, NULL),
(55, 'Trần Hoài Nam', '0904748866', NULL, 'Tỉnh Quảng Ninh, ,undefined, Tổ 2 khu 5, Phường Hồng Hải, Thành phố Hạ Long, Tỉnh Quảng Ninh', NULL, 'HĐBT 29.25', 0, 0, 'Không', 'BAOTRI', NULL, NULL, '2026-03-12 11:19:45.764440', '2026-03-12 11:19:45.764440', NULL, NULL),
(56, 'Ng. T. Hồng Thủy', '0886101193', NULL, 'Tỉnh Quảng Ninh, ,undefined, A8-21 – Monbay, P. Hạ Long, T. Quảng Ninh', NULL, 'HĐBT 30.25', 0, 0, 'Không', 'BAOTRI', NULL, NULL, '2026-03-12 11:22:52.682630', '2026-03-12 11:22:52.682630', NULL, NULL),
(57, 'NGUYỄN VĂN VĨNH ', '0796 368 828', NULL, 'Tỉnh Quảng Ninh, ,undefined, Ô 08 - lô C1, Marine Plaza - KĐT Hùng Thắng ,\r\nP. Hùng Thắng, TP. Hạ Long, T. Quảng Ninh\r\n\r\n', NULL, 'HĐBT 32.25', 0, 18000000, 'Không', 'BAOTRI', NULL, NULL, '2026-03-12 15:19:00.777067', '2026-03-12 15:19:00.777067', NULL, NULL),
(58, 'Cửa hàng Tokyo life', '0988.798.883', NULL, 'Tỉnh Quảng Ninh, ,undefined, Số nhà 1, Tổ 1 khu 3, đường Trần Hưng Đạo, TP. Hạ Long, Quảng Ninh', NULL, 'HĐBT 33.25', 0, 6000000, 'Không', 'BAOTRI', NULL, NULL, '2026-03-12 15:34:00.859608', '2026-03-12 15:54:44.000000', NULL, NULL),
(59, 'Nguyễn Thị Hường', '0987 756 886', NULL, 'Tỉnh Quảng Ninh, ,undefined, Ô số 1, lô A4 Khu trung tâm tái định cư\r\nphường Hồng Hải, TP.Hạ Long, tỉnh Quảng Ninh\r\n\r\n', NULL, 'HĐBT 34.25', 0, 4800000, 'Không', 'BAOTRI', NULL, NULL, '2026-03-12 15:57:09.826728', '2026-03-12 15:57:09.826728', NULL, NULL),
(60, 'TỪ TÚ DƯƠNG', '0988 731 668', NULL, 'Tỉnh Quảng Ninh, ,undefined, Thôn Đông Thịnh, Xã Đông Xá, H. Vân Đồn, T. Quảng Ninh\r\n', NULL, 'HĐBT 35.25', 0, 4800000, 'Không', 'BAOTRI', NULL, NULL, '2026-03-12 16:22:24.025753', '2026-03-12 16:22:24.025753', NULL, NULL),
(61, 'Trần Đạo', '0903425188', NULL, 'Tỉnh Quảng Ninh, ,undefined, A4-03 Monbay, TP. Hạ Long, T. Quảng Ninh.', NULL, 'HĐBT 38.25', 0, 3000000, 'Không', 'BAOTRI', NULL, NULL, '2026-03-12 16:40:25.226197', '2026-03-12 16:40:25.226197', NULL, NULL),
(62, ' Chú Hiếu ', '0913 003 031', NULL, 'Thành phố Hà Nội, ,undefined, 66 Hữu Lê- Thanh Trì - Hà Nội', NULL, 'HĐBT 39.25', 0, 4800000, 'Không', 'BAOTRI', NULL, NULL, '2026-03-12 16:46:47.404585', '2026-03-12 16:46:47.404585', NULL, NULL),
(63, ' Lại Thanh Hải (Harbobay Hạ Long)', '0966 890 868', NULL, 'Tỉnh Quảng Ninh, ,undefined, 301 Harbobay Hạ Long, Hoàng Quốc Việt, Hùng Thắng, TP. Hạ Long, Quảng Ninh', NULL, 'HĐBT 40.25', 0, 6000000, 'Không', 'BAOTRI', NULL, NULL, '2026-03-12 16:58:02.299289', '2026-03-12 16:58:02.299289', NULL, NULL),
(64, 'Trần Đình Hoàng', '0919395188', NULL, 'Tỉnh Quảng Ninh, ,undefined, Căn H2- 14 Dự Án Harbobay - P. Hùng Thắng - TP. Hạ Long – T. Quảng Ninh. ', NULL, 'HĐBT 41.25', 0, 6000000, 'Không', 'BAOTRI', NULL, NULL, '2026-03-12 17:05:20.592545', '2026-03-12 17:05:20.592545', NULL, NULL),
(65, 'Nguyễn Thị Mẫn', '0912 109 690', NULL, 'Tỉnh Quảng Ninh, ,undefined, A13-05 Monbay, P.Hồng Hải, TP Hạ Long, T.Quảng Ninh', NULL, 'HĐBT 43.25', 0, 4800000, 'Không', 'BAOTRI', NULL, NULL, '2026-03-12 17:13:57.215626', '2026-03-12 17:13:57.215626', NULL, NULL),
(66, 'TRẦN MINH TIẾN', '0389 369 626', NULL, 'Tỉnh Quảng Ninh, ,undefined, Căn GB - T27 Dự án Grandbay Hạ Long, KĐT Hùng Thắng, P.Bãi Cháy, TP.Hạ Long, T.Quảng Ninh.', NULL, 'HĐBT 44.25', 0, 4000000, 'Không', 'BAOTRI', NULL, NULL, '2026-03-12 17:30:13.159401', '2026-03-12 17:30:13.159401', NULL, NULL),
(67, 'Karaoke Gia Huy  ', '0986670222', NULL, 'Tỉnh Quảng Ninh, ,undefined, Karaoke Gia Huy - P. Cao Thắng - TP. Hạ Long - T. Quảng Ninh', NULL, 'HĐBT 45.25', 0, 4000000, 'Không', 'BAOTRI', NULL, NULL, '2026-03-13 10:10:46.465986', '2026-03-13 10:10:46.465986', NULL, NULL),
(68, 'Phạm Thị Ngọc Hà', '0904335618', NULL, 'Tỉnh Quảng Ninh, ,undefined, Chợ HL, TP. Hạ Long– T. Quảng Ninh', NULL, 'HĐBT 46.25', 0, 4000000, 'Không', 'BAOTRI', NULL, NULL, '2026-03-13 10:52:36.761176', '2026-03-13 11:02:32.000000', NULL, NULL),
(69, 'Trần Văn Hoàn', '0932221 189', NULL, 'Tỉnh Quảng Ninh, undefined,undefined, LK8-193 Khu Tái định cư Tứ Hiệp, H.Thanh Trì, TP. Hà Nội', NULL, 'HĐBT 47.25', 0, 4800000, 'Không', 'BAOTRI', NULL, NULL, '2026-03-13 11:20:49.352346', '2026-03-13 11:20:49.352346', NULL, NULL),
(70, 'KS Danitel: Thang số 1-2-3', '0983 217 886', NULL, 'Tỉnh Quảng Ninh, ,undefined, Ô số 12, lô N15-E khu C, KĐT mới Cái Dăm, P. Bãi Cháy, TP. Hạ Long, T. Quảng Ninh', NULL, 'HĐBT 48.25-123', 0, 19440000, 'Có', 'BAOTRI', NULL, NULL, '2026-03-13 11:40:48.820807', '2026-03-13 11:40:48.820807', NULL, NULL),
(71, 'KS Danitel:Thang 4-5-6', '0983 217 886', NULL, 'Tỉnh Quảng Ninh, ,undefined, Ô số 12, lô N15-E khu C, KĐT mới Cái Dăm, P. Bãi Cháy, TP. Hạ Long, T. Quảng Ninh', NULL, 'HĐBT 48.25-456', 0, 12960000, 'Có', 'BAOTRI', NULL, NULL, '2026-03-13 14:45:43.974636', '2026-03-13 14:45:43.974636', NULL, NULL),
(72, 'Lương Thị Lan  ', '0983  092 088', NULL, 'Tỉnh Quảng Ninh, ,undefined, MG1-08 Vinhome Bến Đoan, P. Hồng Gai TP. Hạ Long– T. Quảng Ninh', NULL, 'HĐBT49.25', 0, 4000000, 'Không', 'BAOTRI', NULL, NULL, '2026-03-13 14:59:25.807503', '2026-03-13 14:59:25.807503', NULL, '\"{}\"'),
(73, 'Phạm Đức Hải', '0979300583', NULL, 'Thành phố Hà Nội, undefined,undefined, Ô số 29, ngõ 1, Đường Đồng Me, Mễ Trì, Nam Từ Liêm, TP Hà Nội', NULL, 'HĐBT 50.25', 0, 4000000, 'Không', 'BAOTRI', NULL, NULL, '2026-03-13 15:29:09.016179', '2026-03-13 15:29:09.016179', NULL, '\"{}\"'),
(74, 'Vũ Xuân Phát', '0912 342 388', NULL, 'Thành phố Hà Nội, ,undefined, Số 53 Triều Khúc, Quận Thanh Xuân, TP. Hà Nội', NULL, 'HĐBT 51.25', 0, 4800000, 'Không', 'BAOTRI', NULL, NULL, '2026-03-13 15:33:29.868594', '2026-03-13 15:33:29.868594', NULL, '\"{}\"'),
(75, 'Nguyễn Phú Sang', ':0388369747', NULL, 'Thành phố Hà Nội, ,undefined,  Lô 20TT28, KĐT Văn Phú, Quận Hà Đông, TP Hà Nội', NULL, 'HĐBT 52.25', 0, 4800000, 'Không', 'BAOTRI', NULL, NULL, '2026-03-13 15:36:20.725880', '2026-03-13 15:36:20.725880', NULL, '\"{}\"'),
(76, 'Mạc Hà Phong (chú Xuyên)', '\'0989 313 866', NULL, 'Tỉnh Quảng Ninh, ,undefined, Số 35 Lương Định Của, P. Hạ Long, T. Quảng Ninh', NULL, 'HĐBT 53.25', 0, 3000000, 'Không', 'BAOTRI', NULL, NULL, '2026-03-13 15:53:23.186865', '2026-03-13 15:53:23.186865', NULL, '\"{}\"'),
(77, 'Công ty TNHH Koi CAFE VN ', '0964443202', NULL, 'Tỉnh Quảng Ninh, ,undefined, SH4-7 Times Garden đường 25/4, TP.Hạ Long, Quảng Ninh', NULL, 'HĐBT 54.25', 0, 6000000, 'Không', 'BAOTRI', NULL, NULL, '2026-03-13 16:05:10.027626', '2026-03-13 16:05:10.027626', NULL, '\"{}\"'),
(78, 'Phạm Thị Thúy Ngần', '0979 739 468', NULL, 'Tỉnh Quảng Ninh, ,undefined, Ô A89 QH Khu tự xây âu tầu Công ty Âu Lạc, phường Tuần Châu, tỉnh Quảng Ninh', NULL, 'HĐBT 55.25', 0, 6000000, 'Không', 'BAOTRI', NULL, NULL, '2026-03-13 16:52:00.461463', '2026-03-13 16:52:00.461463', NULL, '\"{}\"'),
(79, 'Kim Đức Phong', '0986 670 222', NULL, 'Tỉnh Quảng Ninh, ,undefined, Số 286, P. Cao Thắng, TP. Hạ Long, T. Quảng Ninh', NULL, 'HĐBT 56.25', 0, 4200000, 'Không', 'BAOTRI', NULL, NULL, '2026-03-14 08:35:49.723225', '2026-03-14 08:35:49.723225', NULL, '\"{}\"'),
(80, 'Nguyễn Hữu Đính (Chế)', '0903 298 244', NULL, 'Thành phố Hà Nội, ,undefined,  Ngách 32/84/38 Đỗ Đức Dục, Mễ Trì Hạ, Phường Mễ Trì, Nam Từ Liêm, Hà Nội.', NULL, 'HĐBT 57.25', 0, 4200000, 'Không', 'BAOTRI', NULL, NULL, '2026-03-14 09:25:22.497429', '2026-03-14 09:25:22.497429', NULL, '\"{}\"'),
(81, 'Phạm Thị Bích Thảo', '0971 518 518', NULL, 'Thành phố Hà Nội, ,undefined, SH2A-SP2A-33 Vinhome Ocean Park 1- Long Biên - Hà Nội', NULL, 'HĐBT 58.25', 0, 4800000, 'Không', 'BAOTRI', NULL, NULL, '2026-03-14 09:34:16.127209', '2026-03-14 09:34:16.127209', NULL, '\"{}\"'),
(82, 'Dương Quang Minh', '0976096896', NULL, 'Tỉnh Quảng Ninh, ,undefined, Căn LV2-5, lô OSL-3, khu ở nghỉ dưỡng Hạ Long Premier Village, P. Bãi Cháy, T.Quảng Ninh', NULL, 'HĐBT 59.25', 0, 4000000, 'Không', 'BAOTRI', NULL, NULL, '2026-03-14 09:41:05.366733', '2026-03-14 09:41:05.366733', NULL, '\"{}\"'),
(83, 'Phạm Xuân Hùng', '0913 268 644', NULL, 'Tỉnh Quảng Ninh, ,undefined, Căn LV2-5, lô OSL-3, khu ở nghỉ dưỡng Hạ Long Premier Village, P. Bãi Cháy, T.Quảng Ninh', NULL, 'HĐBT 59.25', 0, 4000000, 'Không', 'BAOTRI', NULL, NULL, '2026-03-14 09:53:21.584315', '2026-03-14 09:53:21.584315', NULL, '\"{}\"'),
(84, 'Đào Thu Hà', '0913 521 147', NULL, 'Thành phố Hà Nội, ,undefined, Căn SH 24 Vinhome Ocean Park 2,  Hưng Yên.Hà Nội', NULL, 'HĐBT 61.25', 0, 4800000, 'Không', 'BAOTRI', NULL, NULL, '2026-03-14 10:01:20.851321', '2026-03-14 10:01:20.851321', NULL, '\"{}\"'),
(85, 'Dương Thị Thu Lan', '0888 888 333', NULL, 'Thành phố Hà Nội, ,undefined, Hoàng Gia 1-05A Trà Trầm quán, TP.Hạ Long, Quảng Ninh', NULL, 'HĐBT 62.25', 0, 4800000, 'Không', 'BAOTRI', NULL, NULL, '2026-03-14 10:07:57.012051', '2026-03-14 10:07:57.012051', NULL, '\"{}\"'),
(86, 'Nghiêm Thị Thúy', '0976 710 968', NULL, 'Thành phố Hà Nội, ,undefined, Số 157 ngõ 20 đường Phú  Minh- Phúc Lý 3, P. Tây Tựu, Hà Nội.', NULL, 'HĐBT 63.25', 0, 4000000, 'Không', 'BAOTRI', NULL, NULL, '2026-03-14 14:42:29.617027', '2026-03-14 14:42:29.617027', NULL, '\"{}\"'),
(87, 'Nguyễn Thị Thu', '0989815379', NULL, 'Tỉnh Quảng Ninh, ,undefined, Tổ 8, Khu 6, P.Việt Hưng, TP. Hạ Long, T.Quảng Ninh', NULL, 'HĐBT 64.25', 0, 3600000, 'Không', 'BAOTRI', NULL, NULL, '2026-03-14 15:50:13.562426', '2026-03-14 15:50:13.562426', NULL, '\"{}\"'),
(88, 'PHẠM NGỌC PHƠN', '0982695610', NULL, 'Tỉnh Quảng Ninh, ,undefined, PG 2-23- Vinhome- Hạ Long- Quảng Ninh .                                                                                                                                                                                A2- 19 - HD Mon, P. Hồng Hải, TP. Hạ Long, T. Quảng Ninh', NULL, 'HĐBT 37.26', 0, 8400000, 'Không', 'BAOTRI', NULL, NULL, '2026-03-16 13:58:49.735166', '2026-03-16 13:58:49.735166', NULL, '\"{}\"');

-- --------------------------------------------------------

--
-- Table structure for table `project_edit`
--

CREATE TABLE `project_edit` (
  `id` int(11) NOT NULL,
  `full_name` varchar(255) NOT NULL,
  `number_phone` varchar(15) NOT NULL,
  `email` varchar(255) DEFAULT NULL,
  `address` text DEFAULT NULL,
  `description` varchar(225) DEFAULT NULL,
  `code_project` varchar(225) NOT NULL,
  `price` bigint(20) NOT NULL DEFAULT 0,
  `tax` varchar(255) NOT NULL,
  `status` int(11) NOT NULL DEFAULT 0,
  `createdAt` datetime(6) NOT NULL DEFAULT current_timestamp(6),
  `updatedAt` datetime(6) NOT NULL DEFAULT current_timestamp(6) ON UPDATE current_timestamp(6),
  `deletedAt` datetime(6) DEFAULT NULL,
  `staffId` int(11) DEFAULT NULL,
  `projectId` int(11) DEFAULT NULL,
  `infor_product` longtext CHARACTER SET utf8mb4 COLLATE utf8mb4_bin DEFAULT NULL CHECK (json_valid(`infor_product`))
) ENGINE=InnoDB DEFAULT CHARSET=utf8mb4 COLLATE=utf8mb4_unicode_ci;

-- --------------------------------------------------------

--
-- Table structure for table `project_staff`
--

CREATE TABLE `project_staff` (
  `id` int(11) NOT NULL,
  `createdAt` datetime(6) NOT NULL DEFAULT current_timestamp(6),
  `updatedAt` datetime(6) NOT NULL DEFAULT current_timestamp(6) ON UPDATE current_timestamp(6),
  `deletedAt` datetime(6) DEFAULT NULL,
  `projectId` int(11) DEFAULT NULL,
  `staffId` int(11) DEFAULT NULL
) ENGINE=InnoDB DEFAULT CHARSET=utf8mb4 COLLATE=utf8mb4_unicode_ci;

-- --------------------------------------------------------

--
-- Table structure for table `project_steps`
--

CREATE TABLE `project_steps` (
  `id` int(11) NOT NULL,
  `weight` int(11) DEFAULT NULL,
  `status` datetime DEFAULT NULL,
  `feedback` text DEFAULT NULL,
  `createdAt` timestamp(6) NOT NULL DEFAULT current_timestamp(6),
  `updatedAt` timestamp(6) NOT NULL DEFAULT current_timestamp(6) ON UPDATE current_timestamp(6),
  `deletedAt` timestamp(6) NULL DEFAULT NULL,
  `workflowStepId` int(11) DEFAULT NULL,
  `projectId` int(11) DEFAULT NULL,
  `staffId` int(11) DEFAULT NULL,
  `image` longtext CHARACTER SET utf8mb4 COLLATE utf8mb4_bin DEFAULT NULL CHECK (json_valid(`image`))
) ENGINE=InnoDB DEFAULT CHARSET=utf8mb4 COLLATE=utf8mb4_unicode_ci;

-- --------------------------------------------------------

--
-- Table structure for table `staff`
--

CREATE TABLE `staff` (
  `id` int(11) NOT NULL,
  `full_name` varchar(255) NOT NULL,
  `number_phone` varchar(15) NOT NULL,
  `email` varchar(255) NOT NULL,
  `address` text DEFAULT NULL,
  `avatar` varchar(255) NOT NULL,
  `description` text DEFAULT NULL,
  `status` tinyint(4) NOT NULL DEFAULT 1,
  `password` varchar(255) NOT NULL,
  `role_admin` tinyint(4) NOT NULL DEFAULT 0,
  `createdAt` datetime(6) NOT NULL DEFAULT current_timestamp(6),
  `updatedAt` datetime(6) NOT NULL DEFAULT current_timestamp(6) ON UPDATE current_timestamp(6),
  `deletedAt` datetime(6) DEFAULT NULL,
  `departmentId` int(11) DEFAULT NULL,
  `positionId` int(11) DEFAULT NULL
) ENGINE=InnoDB DEFAULT CHARSET=utf8mb4 COLLATE=utf8mb4_unicode_ci;

--
-- Dumping data for table `staff`
--

INSERT INTO `staff` (`id`, `full_name`, `number_phone`, `email`, `address`, `avatar`, `description`, `status`, `password`, `role_admin`, `createdAt`, `updatedAt`, `deletedAt`, `departmentId`, `positionId`) VALUES
(1, 'Đỗ Quang Trung', '0862201006', 'admin@gmail.com', 'Hải dương', 'admin.jpg', 'Thái', 1, '$2b$10$0ex5WWAjciFDrQMsXCzUYeZrnPxc2wX.2YcadIy9KhLqHQzZnEasS', 1, '2025-11-25 13:55:12.573391', '2026-03-11 09:56:48.000000', NULL, 1, 1),
(3, 'Nguyễn Thị Tâm', '0349096571', 'nguyentambaca@gmail.com', '', 'default-avatar.png', '', 1, '$2b$10$O3QP0sezlJAZGmaDouZxf.Ek7R5cWTsq7Y0ZobjEoOE4uvCubscA.', 0, '2025-12-12 10:51:29.006295', '2025-12-12 11:02:00.000000', NULL, 6, 2),
(4, 'Nguyễn Thị Huyền', '0342192609', 'thuhuyen14111995@gmail.com', '', 'default-avatar.png', '', 1, '$2b$10$4uzZ3AXNJ10i0EH4eVevpOi5IscsXZRob4HPo.H2sKTdJ.6oH5DEy', 0, '2025-12-12 10:52:09.289722', '2026-03-11 09:54:26.000000', NULL, 6, 6),
(5, 'Phạm Văn Công', '0352872975', 'Phamcongbvtv@gmail.com', '', 'default-avatar.png', '', 1, '$2b$10$kbKP3mTmrjKLPUlyVidVseIdSY0/nw3GErW5Sm9/N3adh7K1L6l6W', 0, '2025-12-12 10:52:37.350075', '2026-03-03 20:51:08.000000', NULL, 5, 2),
(6, 'Nguyễn Văn Dương', '0981951091', 'duongnguyenqptb@gmail.com', '', 'default-avatar.png', '', 1, '$2b$10$7upVEl6UcOfSTIccQFCr5eZPaGFC6TvOASyoYJPUvJHKOVfXHtvP6', 0, '2025-12-12 10:54:12.377896', '2026-03-03 16:31:54.000000', NULL, 5, 2),
(7, 'Nguyễn Thanh Quang', '0912644264', 'quangkd116@gmail.com', '', 'default-avatar.png', '', 1, '$2b$10$ZLWqgURUUL0I28IdmP9AfO9HPIk7X2SFinu0R16swyy4mwJsJp716', 0, '2025-12-12 10:54:40.822771', '2025-12-12 10:54:40.822771', NULL, 1, 2),
(8, 'Đào Duy Tùng', '0795367759', 'vivilyen@gmail.com', 'Hạ Long, Quảng Ninh', 'default-avatar.png', '', 1, '$2b$10$8oQUp5VRfSQDtILsRmuN2uiUntUQbSHdMCaCreqfdj35bH0BLtz1e', 0, '2026-03-05 16:44:29.901703', '2026-03-05 16:44:29.901703', NULL, 5, 2),
(9, 'Nguyễn Hùng Anh', '0987140592', 'Nguyenhunganh14051992@gmail.com', 'Tây Tựu, Hà Nội', 'default-avatar.png', '', 1, '$2b$10$.OW.6q//3vT5eN9wG9lnM.zPPvo0LoCXtfEKSlDO5BYYP5GXY/uZS', 0, '2026-03-11 09:50:50.975308', '2026-03-11 10:02:26.000000', NULL, 5, 2);

-- --------------------------------------------------------

--
-- Table structure for table `staff_permisions_permision`
--

CREATE TABLE `staff_permisions_permision` (
  `staffId` int(11) NOT NULL,
  `permisionId` int(11) NOT NULL
) ENGINE=InnoDB DEFAULT CHARSET=utf8mb4 COLLATE=utf8mb4_unicode_ci;

--
-- Dumping data for table `staff_permisions_permision`
--

INSERT INTO `staff_permisions_permision` (`staffId`, `permisionId`) VALUES
(1, 1),
(1, 2),
(1, 3),
(1, 4),
(1, 5),
(1, 6),
(1, 7),
(1, 8),
(1, 9),
(1, 10),
(1, 11),
(1, 12),
(3, 1),
(3, 2),
(3, 3),
(3, 4),
(3, 5),
(3, 6),
(3, 7),
(3, 8),
(3, 9),
(3, 10),
(3, 11),
(3, 12),
(4, 1),
(4, 2),
(4, 3),
(4, 4),
(4, 5),
(4, 6),
(4, 7),
(4, 8),
(4, 9),
(4, 10),
(4, 11),
(5, 10),
(5, 11),
(6, 10),
(6, 11),
(9, 8),
(9, 10),
(9, 11);

-- --------------------------------------------------------

--
-- Table structure for table `step`
--

CREATE TABLE `step` (
  `id` int(11) NOT NULL,
  `name` varchar(225) NOT NULL,
  `description` text DEFAULT NULL,
  `createdAt` datetime(6) NOT NULL DEFAULT current_timestamp(6),
  `updatedAt` datetime(6) NOT NULL DEFAULT current_timestamp(6) ON UPDATE current_timestamp(6),
  `deletedAt` datetime(6) DEFAULT NULL
) ENGINE=InnoDB DEFAULT CHARSET=utf8mb4 COLLATE=utf8mb4_unicode_ci;

--
-- Dumping data for table `step`
--

INSERT INTO `step` (`id`, `name`, `description`, `createdAt`, `updatedAt`, `deletedAt`) VALUES
(1, 'Bước 1 (Demo)', 'Đây là bước demo cần phải sửa', '2025-11-25 23:20:09.650076', '2025-11-25 23:20:09.650076', NULL),
(2, 'buowc1: đặt hàng', 'đặt hàng nhà máy', '2025-11-28 15:43:25.403969', '2025-11-28 15:43:25.403969', NULL),
(3, 'bước 2', 'hàng về, lắp cơ', '2025-11-28 15:43:58.415381', '2025-11-28 15:43:58.415381', NULL),
(4, 'bước 3', 'kiểm định', '2025-11-28 15:45:42.109764', '2025-11-28 15:45:42.109764', NULL);

-- --------------------------------------------------------

--
-- Table structure for table `target_busine`
--

CREATE TABLE `target_busine` (
  `id` int(11) NOT NULL,
  `year` int(11) NOT NULL,
  `target` int(11) NOT NULL,
  `createdAt` datetime(6) NOT NULL DEFAULT current_timestamp(6),
  `updatedAt` datetime(6) NOT NULL DEFAULT current_timestamp(6) ON UPDATE current_timestamp(6),
  `deletedAt` datetime(6) DEFAULT NULL,
  `staffId` int(11) DEFAULT NULL
) ENGINE=InnoDB DEFAULT CHARSET=utf8mb4 COLLATE=utf8mb4_unicode_ci;

-- --------------------------------------------------------

--
-- Table structure for table `workflow`
--

CREATE TABLE `workflow` (
  `id` int(11) NOT NULL,
  `name` varchar(225) NOT NULL,
  `description` text DEFAULT NULL,
  `createdAt` datetime(6) NOT NULL DEFAULT current_timestamp(6),
  `updatedAt` datetime(6) NOT NULL DEFAULT current_timestamp(6) ON UPDATE current_timestamp(6),
  `deletedAt` datetime(6) DEFAULT NULL
) ENGINE=InnoDB DEFAULT CHARSET=utf8mb4 COLLATE=utf8mb4_unicode_ci;

-- --------------------------------------------------------

--
-- Table structure for table `workflow_steps`
--

CREATE TABLE `workflow_steps` (
  `id` int(11) NOT NULL,
  `createdAt` datetime(6) NOT NULL DEFAULT current_timestamp(6),
  `updatedAt` datetime(6) NOT NULL DEFAULT current_timestamp(6) ON UPDATE current_timestamp(6),
  `deletedAt` datetime(6) DEFAULT NULL,
  `stepId` int(11) DEFAULT NULL,
  `workflowId` int(11) DEFAULT NULL
) ENGINE=InnoDB DEFAULT CHARSET=utf8mb4 COLLATE=utf8mb4_unicode_ci;

--
-- Indexes for dumped tables
--

--
-- Indexes for table `customer`
--
ALTER TABLE `customer`
  ADD PRIMARY KEY (`id`),
  ADD KEY `FK_cb2ceded1b4dfbe28971da113d9` (`staffId`);

--
-- Indexes for table `department`
--
ALTER TABLE `department`
  ADD PRIMARY KEY (`id`),
  ADD UNIQUE KEY `IDX_471da4b90e96c1ebe0af221e07` (`name`);

--
-- Indexes for table `departments_step`
--
ALTER TABLE `departments_step`
  ADD PRIMARY KEY (`id`),
  ADD KEY `FK_f02429e45fd79cf84365dffb3cd` (`departmentId`),
  ADD KEY `FK_4ce14685549bf1b8779f89d17ea` (`stepId`);

--
-- Indexes for table `history_maintenance`
--
ALTER TABLE `history_maintenance`
  ADD PRIMARY KEY (`id`),
  ADD KEY `FK_713fae251978e8d44ade7286a30` (`projectId`);

--
-- Indexes for table `maintenance`
--
ALTER TABLE `maintenance`
  ADD PRIMARY KEY (`id`),
  ADD KEY `FK_36fd45c85d8b8cdd892f8016f3a` (`projectId`),
  ADD KEY `FK_1b29faad5e347b91486058fa5a4` (`historyMaintenanceId`);

--
-- Indexes for table `maintenance_action`
--
ALTER TABLE `maintenance_action`
  ADD PRIMARY KEY (`id`),
  ADD KEY `FK_378034640063d25466cadad3785` (`staffId`),
  ADD KEY `FK_2b0fd318b21404b6569bdaf2af4` (`maintenanceId`);

--
-- Indexes for table `notification`
--
ALTER TABLE `notification`
  ADD PRIMARY KEY (`id`),
  ADD KEY `FK_431561c3b765dc6470a83065f3b` (`staffId`),
  ADD KEY `FK_28a43a0b8c114e48b5bb002dc22` (`projectId`);

--
-- Indexes for table `permision`
--
ALTER TABLE `permision`
  ADD PRIMARY KEY (`id`),
  ADD UNIQUE KEY `IDX_de789de7e2709ff2fe6ccfb63f` (`code`),
  ADD UNIQUE KEY `IDX_42324a29b1680596ad5da7762a` (`name`),
  ADD UNIQUE KEY `IDX_ca3ad09a0296692b3aebbfc001` (`description`);

--
-- Indexes for table `position`
--
ALTER TABLE `position`
  ADD PRIMARY KEY (`id`),
  ADD UNIQUE KEY `IDX_94b556b24267b2d75d6d05fcd1` (`name`);

--
-- Indexes for table `project`
--
ALTER TABLE `project`
  ADD PRIMARY KEY (`id`);

--
-- Indexes for table `project_edit`
--
ALTER TABLE `project_edit`
  ADD PRIMARY KEY (`id`),
  ADD KEY `FK_f637d22253ec8bf0da9383375c3` (`staffId`),
  ADD KEY `FK_7d1c36128cc11b6fcb9339fc800` (`projectId`);

--
-- Indexes for table `project_staff`
--
ALTER TABLE `project_staff`
  ADD PRIMARY KEY (`id`),
  ADD KEY `FK_b58f9306295fb4023fd6f0220bd` (`projectId`),
  ADD KEY `FK_b9bf22f951531ca046cd9e0350e` (`staffId`);

--
-- Indexes for table `project_steps`
--
ALTER TABLE `project_steps`
  ADD PRIMARY KEY (`id`),
  ADD KEY `FK_20cfc514807b152fa21c2ab4385` (`workflowStepId`),
  ADD KEY `FK_71a6f2786d5ab73f33a9c6743f2` (`projectId`),
  ADD KEY `FK_8e6ec5f7c40afcfbf6a78d06426` (`staffId`);

--
-- Indexes for table `staff`
--
ALTER TABLE `staff`
  ADD PRIMARY KEY (`id`),
  ADD UNIQUE KEY `IDX_dc4d943e2778d8e33e82809e90` (`number_phone`),
  ADD UNIQUE KEY `IDX_902985a964245652d5e3a0f5f6` (`email`),
  ADD KEY `FK_67b6b543fe99f3accd85374f886` (`departmentId`),
  ADD KEY `FK_f74be2df1d854b814f3e8ad753f` (`positionId`);

--
-- Indexes for table `staff_permisions_permision`
--
ALTER TABLE `staff_permisions_permision`
  ADD PRIMARY KEY (`staffId`,`permisionId`),
  ADD KEY `IDX_d565673cefe9d57547d2c7983b` (`staffId`),
  ADD KEY `IDX_a614109f2fdf210f40b099def1` (`permisionId`);

--
-- Indexes for table `step`
--
ALTER TABLE `step`
  ADD PRIMARY KEY (`id`),
  ADD UNIQUE KEY `IDX_563407b4665d9df4efe7a1124d` (`name`);

--
-- Indexes for table `target_busine`
--
ALTER TABLE `target_busine`
  ADD PRIMARY KEY (`id`),
  ADD KEY `FK_e385535ebafe4069f9e3de64664` (`staffId`);

--
-- Indexes for table `workflow`
--
ALTER TABLE `workflow`
  ADD PRIMARY KEY (`id`),
  ADD UNIQUE KEY `IDX_8ec5afd3566bb368910c59f441` (`name`);

--
-- Indexes for table `workflow_steps`
--
ALTER TABLE `workflow_steps`
  ADD PRIMARY KEY (`id`),
  ADD KEY `FK_4a89968c2911f931db8509b61b1` (`stepId`),
  ADD KEY `FK_eb0c057661503827a7cd6d8ea41` (`workflowId`);

--
-- AUTO_INCREMENT for dumped tables
--

--
-- AUTO_INCREMENT for table `customer`
--
ALTER TABLE `customer`
  MODIFY `id` int(11) NOT NULL AUTO_INCREMENT, AUTO_INCREMENT=5;

--
-- AUTO_INCREMENT for table `department`
--
ALTER TABLE `department`
  MODIFY `id` int(11) NOT NULL AUTO_INCREMENT, AUTO_INCREMENT=7;

--
-- AUTO_INCREMENT for table `departments_step`
--
ALTER TABLE `departments_step`
  MODIFY `id` int(11) NOT NULL AUTO_INCREMENT, AUTO_INCREMENT=8;

--
-- AUTO_INCREMENT for table `history_maintenance`
--
ALTER TABLE `history_maintenance`
  MODIFY `id` int(11) NOT NULL AUTO_INCREMENT, AUTO_INCREMENT=97;

--
-- AUTO_INCREMENT for table `maintenance`
--
ALTER TABLE `maintenance`
  MODIFY `id` int(11) NOT NULL AUTO_INCREMENT, AUTO_INCREMENT=360;

--
-- AUTO_INCREMENT for table `maintenance_action`
--
ALTER TABLE `maintenance_action`
  MODIFY `id` int(11) NOT NULL AUTO_INCREMENT, AUTO_INCREMENT=265;

--
-- AUTO_INCREMENT for table `notification`
--
ALTER TABLE `notification`
  MODIFY `id` int(11) NOT NULL AUTO_INCREMENT, AUTO_INCREMENT=265;

--
-- AUTO_INCREMENT for table `permision`
--
ALTER TABLE `permision`
  MODIFY `id` int(11) NOT NULL AUTO_INCREMENT, AUTO_INCREMENT=13;

--
-- AUTO_INCREMENT for table `position`
--
ALTER TABLE `position`
  MODIFY `id` int(11) NOT NULL AUTO_INCREMENT, AUTO_INCREMENT=7;

--
-- AUTO_INCREMENT for table `project`
--
ALTER TABLE `project`
  MODIFY `id` int(11) NOT NULL AUTO_INCREMENT, AUTO_INCREMENT=89;

--
-- AUTO_INCREMENT for table `project_edit`
--
ALTER TABLE `project_edit`
  MODIFY `id` int(11) NOT NULL AUTO_INCREMENT;

--
-- AUTO_INCREMENT for table `project_staff`
--
ALTER TABLE `project_staff`
  MODIFY `id` int(11) NOT NULL AUTO_INCREMENT;

--
-- AUTO_INCREMENT for table `project_steps`
--
ALTER TABLE `project_steps`
  MODIFY `id` int(11) NOT NULL AUTO_INCREMENT;

--
-- AUTO_INCREMENT for table `staff`
--
ALTER TABLE `staff`
  MODIFY `id` int(11) NOT NULL AUTO_INCREMENT, AUTO_INCREMENT=10;

--
-- AUTO_INCREMENT for table `step`
--
ALTER TABLE `step`
  MODIFY `id` int(11) NOT NULL AUTO_INCREMENT, AUTO_INCREMENT=5;

--
-- AUTO_INCREMENT for table `target_busine`
--
ALTER TABLE `target_busine`
  MODIFY `id` int(11) NOT NULL AUTO_INCREMENT;

--
-- AUTO_INCREMENT for table `workflow`
--
ALTER TABLE `workflow`
  MODIFY `id` int(11) NOT NULL AUTO_INCREMENT, AUTO_INCREMENT=3;

--
-- AUTO_INCREMENT for table `workflow_steps`
--
ALTER TABLE `workflow_steps`
  MODIFY `id` int(11) NOT NULL AUTO_INCREMENT, AUTO_INCREMENT=2;

--
-- Constraints for dumped tables
--

--
-- Constraints for table `customer`
--
ALTER TABLE `customer`
  ADD CONSTRAINT `FK_cb2ceded1b4dfbe28971da113d9` FOREIGN KEY (`staffId`) REFERENCES `staff` (`id`) ON DELETE NO ACTION ON UPDATE NO ACTION;

--
-- Constraints for table `departments_step`
--
ALTER TABLE `departments_step`
  ADD CONSTRAINT `FK_4ce14685549bf1b8779f89d17ea` FOREIGN KEY (`stepId`) REFERENCES `step` (`id`) ON DELETE NO ACTION ON UPDATE NO ACTION,
  ADD CONSTRAINT `FK_f02429e45fd79cf84365dffb3cd` FOREIGN KEY (`departmentId`) REFERENCES `department` (`id`) ON DELETE NO ACTION ON UPDATE NO ACTION;

--
-- Constraints for table `history_maintenance`
--
ALTER TABLE `history_maintenance`
  ADD CONSTRAINT `FK_713fae251978e8d44ade7286a30` FOREIGN KEY (`projectId`) REFERENCES `project` (`id`) ON DELETE NO ACTION ON UPDATE NO ACTION;

--
-- Constraints for table `maintenance`
--
ALTER TABLE `maintenance`
  ADD CONSTRAINT `FK_1b29faad5e347b91486058fa5a4` FOREIGN KEY (`historyMaintenanceId`) REFERENCES `history_maintenance` (`id`) ON DELETE NO ACTION ON UPDATE NO ACTION,
  ADD CONSTRAINT `FK_36fd45c85d8b8cdd892f8016f3a` FOREIGN KEY (`projectId`) REFERENCES `project` (`id`) ON DELETE NO ACTION ON UPDATE NO ACTION;

--
-- Constraints for table `maintenance_action`
--
ALTER TABLE `maintenance_action`
  ADD CONSTRAINT `FK_2b0fd318b21404b6569bdaf2af4` FOREIGN KEY (`maintenanceId`) REFERENCES `maintenance` (`id`) ON DELETE NO ACTION ON UPDATE NO ACTION,
  ADD CONSTRAINT `FK_378034640063d25466cadad3785` FOREIGN KEY (`staffId`) REFERENCES `staff` (`id`) ON DELETE NO ACTION ON UPDATE NO ACTION;

--
-- Constraints for table `notification`
--
ALTER TABLE `notification`
  ADD CONSTRAINT `FK_28a43a0b8c114e48b5bb002dc22` FOREIGN KEY (`projectId`) REFERENCES `project` (`id`) ON DELETE NO ACTION ON UPDATE NO ACTION,
  ADD CONSTRAINT `FK_431561c3b765dc6470a83065f3b` FOREIGN KEY (`staffId`) REFERENCES `staff` (`id`) ON DELETE NO ACTION ON UPDATE NO ACTION;

--
-- Constraints for table `project_edit`
--
ALTER TABLE `project_edit`
  ADD CONSTRAINT `FK_7d1c36128cc11b6fcb9339fc800` FOREIGN KEY (`projectId`) REFERENCES `project` (`id`) ON DELETE CASCADE ON UPDATE NO ACTION,
  ADD CONSTRAINT `FK_f637d22253ec8bf0da9383375c3` FOREIGN KEY (`staffId`) REFERENCES `staff` (`id`) ON DELETE CASCADE ON UPDATE NO ACTION;

--
-- Constraints for table `project_staff`
--
ALTER TABLE `project_staff`
  ADD CONSTRAINT `FK_b58f9306295fb4023fd6f0220bd` FOREIGN KEY (`projectId`) REFERENCES `project` (`id`) ON DELETE NO ACTION ON UPDATE NO ACTION,
  ADD CONSTRAINT `FK_b9bf22f951531ca046cd9e0350e` FOREIGN KEY (`staffId`) REFERENCES `staff` (`id`) ON DELETE NO ACTION ON UPDATE NO ACTION;

--
-- Constraints for table `project_steps`
--
ALTER TABLE `project_steps`
  ADD CONSTRAINT `FK_20cfc514807b152fa21c2ab4385` FOREIGN KEY (`workflowStepId`) REFERENCES `workflow_steps` (`id`) ON DELETE CASCADE ON UPDATE NO ACTION,
  ADD CONSTRAINT `FK_71a6f2786d5ab73f33a9c6743f2` FOREIGN KEY (`projectId`) REFERENCES `project` (`id`) ON DELETE CASCADE ON UPDATE NO ACTION,
  ADD CONSTRAINT `FK_8e6ec5f7c40afcfbf6a78d06426` FOREIGN KEY (`staffId`) REFERENCES `staff` (`id`) ON DELETE CASCADE ON UPDATE NO ACTION;

--
-- Constraints for table `staff`
--
ALTER TABLE `staff`
  ADD CONSTRAINT `FK_67b6b543fe99f3accd85374f886` FOREIGN KEY (`departmentId`) REFERENCES `department` (`id`) ON DELETE NO ACTION ON UPDATE NO ACTION,
  ADD CONSTRAINT `FK_f74be2df1d854b814f3e8ad753f` FOREIGN KEY (`positionId`) REFERENCES `position` (`id`) ON DELETE NO ACTION ON UPDATE NO ACTION;

--
-- Constraints for table `staff_permisions_permision`
--
ALTER TABLE `staff_permisions_permision`
  ADD CONSTRAINT `FK_a614109f2fdf210f40b099def1b` FOREIGN KEY (`permisionId`) REFERENCES `permision` (`id`) ON DELETE NO ACTION ON UPDATE NO ACTION,
  ADD CONSTRAINT `FK_d565673cefe9d57547d2c7983b8` FOREIGN KEY (`staffId`) REFERENCES `staff` (`id`) ON DELETE CASCADE ON UPDATE CASCADE;

--
-- Constraints for table `target_busine`
--
ALTER TABLE `target_busine`
  ADD CONSTRAINT `FK_e385535ebafe4069f9e3de64664` FOREIGN KEY (`staffId`) REFERENCES `staff` (`id`) ON DELETE NO ACTION ON UPDATE NO ACTION;

--
-- Constraints for table `workflow_steps`
--
ALTER TABLE `workflow_steps`
  ADD CONSTRAINT `FK_4a89968c2911f931db8509b61b1` FOREIGN KEY (`stepId`) REFERENCES `step` (`id`) ON DELETE NO ACTION ON UPDATE NO ACTION,
  ADD CONSTRAINT `FK_eb0c057661503827a7cd6d8ea41` FOREIGN KEY (`workflowId`) REFERENCES `workflow` (`id`) ON DELETE NO ACTION ON UPDATE NO ACTION;
COMMIT;

/*!40101 SET CHARACTER_SET_CLIENT=@OLD_CHARACTER_SET_CLIENT */;
/*!40101 SET CHARACTER_SET_RESULTS=@OLD_CHARACTER_SET_RESULTS */;
/*!40101 SET COLLATION_CONNECTION=@OLD_COLLATION_CONNECTION */;
